id,text,user_id,user_screen_name,user_name
1305389523602472962,@YoWaybes Eww ğŸ˜· gonna need a mask for that thing it already got corona,1221168153008279552,LmaoNoxy,Noxy
1305389500504272897,Great words by @supriya_sule from @NCPspeaks today in Indian temple of democracy that is Parliment. Sad to see newsâ€¦ https://t.co/3a6LBreapw,1267079862084227073,mannykapron,Manish kapruwan
1305389495890653184,"Al die Corona, alleen maar voor een lagere snelheid. Review | The 5G lie: The network of the future is still slow https://t.co/Y3bNo9YWYi",14183892,hoxha,hoxma
1305389473195122688,"ğŸ‘‰Increasing Corona Cases
ğŸ‘‰ Unemployment
ğŸ‘‰Falling GDP
ğŸ‘‰Farm ordinance
ğŸ‘‰India-China Border tension

5 Problems one Soâ€¦ https://t.co/Z1IMaf60eL",2186187964,Ranveer_Chelsea,RANVEER
1305389472163540992,"@realDonaldTrump Donald Trump has already proven hat he cannot handle the Corona pandemic, Biden has to be given aâ€¦ https://t.co/J5yu7FqiKS",3108330785,wizzzzdoom,Hussein Barrak Obama
1305389465494380544,@GOPChairwoman U know whoâ€™s President right?! Or RU talking about dragging Obamaâ€™s&amp; Biden thru t/mud 4 t/12k peopleâ€¦ https://t.co/5fRKtg0dse,802259727329525760,ImMomentary,Sagapo
1305389445189963776,"You wonder why some people have started hating masks???
Corona is real outside there.
Others say only for fools.
Whâ€¦ https://t.co/nmUUYBi7Lo",1241706530501734402,Diane1Peace,@Peace Diane 1
1305389414709948416,@AshleyTheUni 1. I would wish for my dog Eddie the miniature schnauzer to come back to life he died last month at tâ€¦ https://t.co/deS9e8u3vt,1215666575426179072,MissCoolGamer1,MissCoolGamer
1305389413912817666,How this fellas has recovered from corona in a short span of time?? https://t.co/ke8mkJH4j6,890191711,Nagen97,Nagen
1305389401682239488,"Creation of corona in the laboratory: Chinese virologist claims proof of Chinese cruelty!
Dr.Lee-Meng https://t.co/Vd5rI8lx4M",841342494969331712,SanJay36518166,Sanjay Ramachandra
1305389394015129602,@TheBadAtheist thatâ€™s what amit shah did to beat corona ğŸ˜¤âœŠğŸ½ğŸ‘ğŸ½,891395137653407745,anainamous,nae nae
1305389377829376001,"The same German government policies that worked so well to mitigate a corona-recession could do major damage later,â€¦ https://t.co/6amY9VqiEx",486916195,andreaskluth,Andreas Kluth
1305389375581286400,@KashafAslam6 Corona ki precautions,1164481102133833728,Its_ShahidN,Shahid Nawaz
1305389367805071360,@chipfranklin You know what'll lower drug prices? When trump's KKKult starts to drop like flies from corona and whaâ€¦ https://t.co/SK8oLeInn5,2524458091,Nechron99,RG
1305389366395703299,@GMB great shame piers didn't take his own advice when applauding his son on the march on the last wave of corona..â€¦ https://t.co/DBiNjQiYVo,25049683,froggythefrog,therealchrisogood
1305389352890109952,All the people Iâ€™ve stopped being friends with are all people who have been acting like Coronaâ€™s not even real so Iâ€¦ https://t.co/r84L0ItZqY,797260256,cak2020_,karina
1305389346627809282,Companies/individuals paid Income Tax during previous years. Govt transfer 1% of IT paid till today by them as compâ€¦ https://t.co/kWjlpe5e31,123551051,rvinpandya,Ravindra Pandya
1305389338604249090,@TourismandAntiq But no one with face mask against Corona...,2343764087,laurent_beyer,Laurent Beyer
1305389315925532673,"$9

When Virona the Corona Came to Town

https://t.co/TddGWP6eVP

#BwcDeals #Deals #dailydeals #RespectForTeachersâ€¦ https://t.co/z1QvZvPDdQ",1178811384387293187,BwcDeals,BWC Deals
1305389314361233408,First day back to School after corona https://t.co/Ja0c6KgTU5,1186341594535993349,M00NLET,Moonskeren
1305389301409038338,damn this corona this is all your fault https://t.co/Ea35NeQKla,1071064027873214464,bluueemiraclee,yoonkookâ· ğŸŒŸ merch hiatus
1305389295209861121,@AIRAAAOFFICIAL act Apprentice dable skild hai corona virus ke chalte sabhi apprentices ko job do ham log dable skild hai,1303899148521889792,MegneeD,Megnee Das
1305389284761858048,@GOPChairwoman @realDonaldTrump why if every other world leader on the planet (except say China &amp; Brazil) told theiâ€¦ https://t.co/b17Xmlq92M,950503135,supadeano,Deano ğŸŒŠğŸŒŠğŸŒŠ ğŸ‡¦ğŸ‡º
1305389263610052608,I probably have Corona ğŸ¤ª,1283141344177926145,RoyalJester_,ğŸ§¸BUGZğŸ§¸
1305389258216288256,doing the corona test today ğŸ¥º,1156148116791472128,getwellavenuee,- j â™¡ï¸
1305389248774893568,@realDonaldTrump If you are responsible for Corona Infections an the 190k Corona death...,823211781720051714,HermineHerrlich,Hermine Herrlich
1305389246342213635,"@Tutsy22 Maybe it is the presenter's accent that is confusing Wathoni. That accent is mixture of ""H"" factor and Briâ€¦ https://t.co/61vP0Zhorl",188753162,LJslim,LJSlim_DMockingJay
1305389230982664195,"@realDonaldTrump ignoring racism, corona, shooting people in the back and let killers go , that's trump ! https://t.co/TW7IURhwMR",2825093247,pedrobelgo1,peter verbruggen
1305389224716169216,Corona party till we die ğŸ˜£ https://t.co/EoEmBn7FbE,2219084594,azizijamall,Azizi
1305389198317289474,"I honestly have no idea what Iâ€™m doing, and I hate the corona virus ğŸ˜•ğŸ˜¡",1305369217697415169,anonymous298957,anonymous
1305389152117039106,@95Ivrs They were suppose to move at the end of this year but corona delayed construction.,1015054305248923648,NavajoRoyalty,Travis âœ¨
1305389106319339521,@JustJenLive @TripleH2413 @Prognosticus @jacobkschneider They? You mean the Trump corona virus team? They are in charge!,4677050340,Maisywashere64,Mae
1305389104499101698,"@Subhash97722099 Yrr.. Sara focus to idhar hi aa raha hai. News channels dekho, pura din yhi news. Sahi hai pr yar,â€¦ https://t.co/A6GWE8nqoA",1304644702835077120,IshanDevTripat1,Ishan Dev Tripathi
1305389085909897222,"@joy_maderal I mean, it's the fuckin US. Either we die in fires or having fun with corona.",1124179345856012288,Karma_PK11,ğŸ¦ŠKarma PeacekeeperğŸ¦Š
1305389069241786368,WHO: NEXT TWO MONTHS WILL BE TOUGHER AS DAILY DEATHS IN CORONA RISE,1092883822473924608,REDBOXINDIA,Redbox India
1305389031451234309,morning yall i'm fuckin ill and my symptoms overlap with a cold and corona so yeet,1288028053021614081,nsfwbbyboyy,ğ• ğ• ğ•¨ ğ•ª ğ•• ' ğ•¤ ğ•  ğ•¨ ğ•Ÿ ğ•– ğ•£
1305389024534646785,@twiterisshit_ Corona me much needed ğŸ˜‚,1206903257592807424,_itzshweta_,ğ“¢ğ“±ğ”€ğ“®ğ“½ğ“ªâ™•ï¸
1305389018385805313,@LangaMahesh Handling corona data is more important than handling corona. Keep watching corona cases in bihar willâ€¦ https://t.co/qM0B1JOOb7,229360298,Anchal_saini,Anchal saini
1305389017781932032,WHO: NEXT TWO MONTHS WILL BE TOUGHER AS DAILY DEATHS IN CORONA RISE,865624663841320960,breakingmkts,Breaking Market News
1305388995854041089,WHO: NEXT TWO MONTHS WILL BE TOUGHER AS DAILY DEATHS IN CORONA RISE,3295423333,FirstSquawk,First Squawk
1305388981023051777,"@6lackMarcei Na so I enter bus last week, person talk say some officials dey stop vehicles with people without maskâ€¦ https://t.co/l6SXzp2ESZ",310244880,Geeekpo,G E E Ã‰ K P Oâ„¢
1305388969639776258,"@buitengebieden_ In Serengeti the Mothers are doing all the rearing and providing food for the cubs. 
Dads only doâ€¦ https://t.co/SqTV6ptwSQ",1038322286129020930,Ginutsa1,"Ginutsa - ""Puttin' on the Ritz""- #afterTrump"
1305388966208708610,Selecting five Corona Warriors to inaugurate Dasara-2020 seems to have become a big headache for the District Adminâ€¦ https://t.co/Hx508Fd5Xs,3278725700,Star_Of_Mysore,Star Of Mysore
1305388963197317122,"#RailApprenticeDoubleSkilledOnRoad
ğŸ“Highest unemployment rate in last 45 years.
ğŸ“GDP down by -23%.
ğŸ“Unplanned - Unoâ€¦ https://t.co/aKWd43Vrqd",854162032924520449,IzharRHussain,Izhar Hussain
1305388961448239104,Weâ€™re really facing two pandemics in SA ğŸ™†ğŸ¾â€â™‚ï¸ Corona Virus and Crime https://t.co/0VhGGC6NoI,3874843661,sbudah_ybg,Young Black & Gifted
1305388961385377792,"Billionaire Gates! 

Opened the flood Gates!

Made a mountain of gold in a pit of snakes!

Went on Corona strike! Sâ€¦ https://t.co/nc0rME8rVK",1286870121152159746,capitalstmonsta,Indiana Ø¨ÙˆÙ†Ø² (Bones)
1305388936693460992,"Igbo Dey cure corona, Rahman Jago Dey ontop the matter https://t.co/6Jcscb0Nh4",89140632,Ezdeepayne,EzdeeMO.
1305388911598817280,"We don't care the Rhea . ğŸ™ 

Stop the nonsense 
Unemployment.âŒ
Youths Jobs.âŒ
Agriculture problems.âŒ
Economic growthâ€¦ https://t.co/Yk9CcBfYqo",1102278373865189376,Eyadvendu,yadvendu
1305388903755444225,@LicypriyaK College admissions is coming to an end... Corona is on pick... And cbse is on weed... Nothing gonna happen..No more hopeğŸ˜”ğŸ˜”.,1273869065384275973,OgamJopir,Ogam Jopir
1305388893299257344,"tw sickness
so im losing my voice and im scared school are gonna send me home and be like go get a corona test im tâ€¦ https://t.co/8hS5gdkhrM",1277000248741724160,asthmaticsoot,isabelle !!
1305388877667069953,"Due to corona, everyone is trying to avoid bacteria.
Hand sanitizers, washing hands constantly, masks, staying insiâ€¦ https://t.co/eyY5iMQ3QD",1247775196326420480,BrofBrotein,The Brofessor
1305388877062963201,@GOPChairwoman Joe Biden doesnâ€™t have a corona virus record. Donald Trump does,55295842,BOUTTOM,Tom Bout
1305388861011488768,First time I've seen Mr Shouty Piers Morgan on TV and the panic he is trying to spread Re Corona. Why have China noâ€¦ https://t.co/5NLtcOgvO6,353813824,almcp01,Alan McPhail
1305388857874026496,"World would have Corona free by now, if Sushant Singh Rajput was aliveğŸ˜¢. Man would've prepared a proper vaccine byâ€¦ https://t.co/3tg9nFDkrU",1013390086451298305,183_Mirpur,Viru Sharma
1305388844435546122,Corona infection figures in the country exceed 48.46Â million https://t.co/M4hQOS14Dv,1216824204013654016,news8_plus,News8Plus
1305388833127555072,"@KanganaTeam Keep ""physical distance"",  don't fall in offer and pass your Consent , change habits , follow asâ€¦ https://t.co/MMEHadb2rW",1302076862219186178,S3BY3ZqgRoW8fe1,à¤Šà¤ à¤¨à¤®à¤ƒ à¤¶à¤¿à¤µà¤¾à¤¯
1305388827842936832,@actuallyayana Stay inside corona,3933624077,Droptoplilhaze,Lil Haze
1305388815322882048,"there should be a home test for corona virus. so you can check if your buddy got a men's flu, real flu or covid...â€¦ https://t.co/DaYj6R25pO",200560871,RejekaGerster,Rejeka Gerster
1305388783764779009,"ğŸ“Highest unemployment rate in last 45 years.
ğŸ“GDP down by -23%.
ğŸ“Unplanned - Unorganized lockdown.
ğŸ“Corona spreadinâ€¦ https://t.co/Zp74CZysoc",798100560054484993,nsuiShahidsheik,NSUI SHAHID SHEIKH ğŸ‡®ğŸ‡³Ø´Ø§ÛØ¯ Ø´ÛŒØ® Ø§ÛŒÙ† Ø§ÛŒØ³ ÛŒÙˆ Ø¢Ø¦ÛŒ
1305388749195366400,@Sumitkumaar_ I second you Sumit ji but kya kare situation alag hai. Kuch log jo aana chah rahe the wo Jaipur me naâ€¦ https://t.co/UZjDHRsUzw,1303325989695447045,Rahul20832662,Rahul
1305388743281446913,"@RahulGandhi Your party has done more harm to India than Corona.
First we need vaccine for Congress free inida and than corona",413867123,arjamee,arjavdave
1305388739548442625,Corona can get fucked https://t.co/M4KgIoCTBt,4011902473,JakeNetting,Jake
1305388733362065409,6. How many â€œI think I have Corona virusâ€ moments have you had this year?,1189892260617433090,Life_After_18,Life After ğŸ£ğŸªâœª
1305388731054997504,"CNBC Indonesia
https://t.co/4tBLKbRXqF",99620893,DAVIDWAHYUDI,DAVIDJO
1305388674658578434,"@realDonaldTrump Beautiful Evening in Henderson, Nevada with Stupid American Suckers. 
Thank you! #COVID19 

Batshiâ€¦ https://t.co/dj70UVbrTA",936938074390581248,jobsZeon69,Tom Markant
1305388656815820800,"#NoMoreBJP

NEET 2020 Sop failure at Railway Station

AB inko Corona ho gya to kya app inki help kroge, inka hospitâ€¦ https://t.co/JpMxQjTGqN",1264057762985783296,RjVidit,Viditi ğŸ˜
1305388646736912384,@littlechensji I think that bcs of Corona Issue. They have to film it outdoor.,296218628,jennyisagirl,â™¥ ì œë‹ˆ â™¥
1305388646262923264,"@ANI What a wonderful debate on Day 1ğŸ™
Idiots like @ravikishann are only kept in forefront to divert from core issuâ€¦ https://t.co/3Q5i4PPuYY",1106371913150951424,ChaiPakodaa,Sirf Bhagwaan ka Bhakt ğŸ™
1305388636192600065,cant stop imagining what the tour would be like if corona didnt happen ğŸ˜­,1222582519020711936,YOONGlFlED,vivianâ· âŸ­âŸ¬
1305388635282272256,"@Boeufblogginon I'm DIYing it.. not much left to corona-clip.. a lot easier.
never thought i'd be glad to be bald! :)",172224174,JuliusFlywheel,Julius Flywheel
1305388629410316291,Africa's record rainfall stretches resources already struggling with COVID-19 and conflict | World News | Sky Newsâ€¦ https://t.co/Twh2yZtLJw,1305202291398586368,DocMuzS1,DocMuzS
1305388613195108352,"Whyn't you admitting, you doing mass murder with Chinese weapon of #coronavirus, again you doing fraud with countryâ€¦ https://t.co/pfb2hrRBrx",72919562,umakantsingh_IN,Uma Kant Singh
1305388610397433856,"We all expected corona cases to peak after NEET , but surprisingly it will be cut-off that will rise.ğŸ˜´

#AsaanTha? #NEET2020 #COVID19",1269157259101306886,WahiLadka,Umang Sharma
1305388609646845952,"Corona Updates: (13 Sep)

Total Number of Cases: 302,020
Active cases:5,831
Cases Yesterday: 539
Total Deaths: 6,38â€¦ https://t.co/W5C3phKoWx",1250073125116694528,SulehriFraz,Fraz Sulehri
1305388595910377472,@GOPChairwoman He has a record responding for Corona virus!! In what capacity?,3330334879,eswar_chandra,Sagar
1305388569926627328,Social gatherings in Scotland restricted to six people from today https://t.co/CudwPG7Rnm #coronavirus #covid19,1239174521476788227,corona_scotnews,Coronavirus_Scotland
1305388555355660288,"US President Trump claims PM Modi told him you did a great job in investigating Corona.
#AmericaOrTrumpâ€¦ https://t.co/0sLMfZYjGt",1297806563780902914,NewIndiaHerald1,New India Herald
1305388553405263879,"@SamirMohantyBJP Samir sir, being a fighter you will defeat Corona at the earliest. GET WELL SOON.",1276156493663031298,Sristy82560074,Sristy
1305388545402482688,"NATIONAL MEDIA ğŸ”¥ğŸ˜

In fear for life due to corona scare, the court dispenses justice via video conferencing and ordâ€¦ https://t.co/WU7sFCHZl9",922801156379648001,SharukFreakinSk,Sharuk Freakin Sk ğŸ–¤
1305388538360283138,#MonsoonSession #MonsoonSession2020 Dear Lok Sabha Speaker @ombirlakota why are u stopping @drharshvardhan while heâ€¦ https://t.co/KiKLJJPeeK,46747666,callerman,The Tweet of God
1305388522149490691,"Corona sexy maid

@alphamistress1

@EllaStraponella

@FickmichRosalie

@GrainneShara

@Bitchmoni

@nic6915â€¦ https://t.co/n6sp3vRbrh",1096299993412050944,TStefan82,TVStefan82
1305388515442585600,"#Covid_19 #COVID19
Corona : Because of me There will be no traffic ğŸš¦
Indians : https://t.co/XooNip6pn3",363643036,StarsSpear,Bleed Blue
1305388511114133504,"80 new cases of Corona recorded in Tokyo, Japan today.... #COVID19 #coronavirus #æ±äº¬ #ã‚³ãƒ­ãƒŠæ„ŸæŸ“æƒ…å ±  #æ—¥æœ¬â€¦ https://t.co/ky6w7Xdr6E",1291208032982949888,namba_84,Namba
1305388506919907328,@Anumak47 Iâ€™ve been told countless times that corona khatam hogaya hai Pakistan main ğŸ¤·ğŸ»â€â™€ï¸,203482792,Peelichappal,â¿
1305388495997992962,"@TalluahTeapott6 Check this out. I have no way to verify authenticity right now but if this is true, this could beâ€¦ https://t.co/SbaTqWllSO",1281545367759224832,Rossva1189,Ross
1305388493820932098,"On one hand, the Corona Pandemic has been born from the railway unemployment, even the railway Apperntices is prepaâ€¦ https://t.co/tgFFcwepMD",1097453913983385601,AzizMal46742500,Aziz Mallick
1305388489261936641,"@CatrionaShearer New Corona virus law by BBC, Scots aren't allowed Nicola Sturgeon's daily briefings, deaf people are denied BSL updates.",1112993518388215808,TamdhuL,Tamdhu Lady
1305388487164792832,Parenting In The Time of Corona  https://t.co/jfBaBcJUlN,254968169,khayyatz,Zuhair Khayyat
1305388483087753216,"i started cooking as a hobby and bc there was no additional help at home,, but now my family is normalizing me cookâ€¦ https://t.co/UU8DRUKcms",1277298566906576896,shrizzysoda,shreyaâ·ğŸ³ï¸â€ğŸŒˆ// jaans stan acc
1305388463383023616,The former Norwegian government leader was wondering about the COVIDIOTS demonstrating in Germany. She can't undersâ€¦ https://t.co/48tMxXKA4i,2264094349,Boob_Lover_BE,Boob Lover BE
1305388454432223233,@JonahDispatch 3) the Corona Virus had extreme comorbitities. That means us healthy RATIONAL FOLK (TRUMP LOVERS) ARâ€¦ https://t.co/0HQKotdSXi,715811482395652096,RayBanMannnn,LittleMan
1305388450300919808,@_Vivek_50 Haha last year the reason was genuine but this time they tried to use their dumb minds ..as it is we didâ€¦ https://t.co/If6eCJNoIa,1178175246,Priya8Khanna,ğŸ€ ğ’«ğ’¶ğ“Šğ“ˆğ‘’ ğ‘…ğ‘’ğ“ˆğ‘’ğ“‰ ğŸ¦
1305388428054474752,"@trickykenicki_ As much as Iâ€™d love to get corona and an STD all at once, I think Iâ€™ll pass ğŸ˜‡",910339355062996992,muffin_mega,MegaMuffin
1305388394193850369,"I miss going out , but after after actually having corona I donâ€™t even wanna risk it ğŸ™„",1366458618,anajulyz,ğŸ”ªâ›“
1305388391584772098,CHINA IS THE ONLY OWNER FOR CORONA VIRUS NOW CHINA CREATE VACCINE RATE 10000RS PER UNIT UNWORTHY CHINA BOYCOTT CHINâ€¦ https://t.co/nz4y37mRM7,4821200454,PSAMPATH15,PSAMPATHNAIDU
1305388374476218368,"@globaltimesnews Yes, #ChineseVirus #corona spreading in india &amp; in the world because of #china as they have made tâ€¦ https://t.co/ih9uzkdDE7",1101530259005100033,SundeepVerma16,Sundeep Verma
1305388370453905415,"#Support_India_To_Fight_with_The_Father_Of_Corona 
@realDonaldTrump 
@Plaid_Putin @netanyahu
@narendramodi 
Supportâ€¦ https://t.co/B6fM5niptG",1159870691178455041,RamRata98763402,Ram Ratan
1305388343514091520,but really idek who that gina corona bitch is sheâ€™s that irrelevant i guess,3803588434,ROGERSAPPHIC,lia
1305388339130892289,"@RahulGandhi COVID INDIA Today [Approx]:

â€¢Top Non BJP States:

MH: 10.3L
DL: 2L
TN: 5L
WB: 2L
RJ: 1L
KL: 1L

Totalâ€¦ https://t.co/mvFxk4oPzk",261176925,vips0710,VIPUL PATEL
1305388325692293120,"ğŸ“Highest unemployment rate in last 45 years.
ğŸ“GDP down by -23%.
ğŸ“Unplanned - Unorganized lockdown.
ğŸ“Corona spreadinâ€¦ https://t.co/UEXFFkCxke",1177822706743402496,GovindaGoswami_,Govinda Goswami : à¤—à¥‹à¤µà¤¿à¤‚à¤¦à¤¾ à¤—à¥‹à¤¸à¥à¤µà¤¾à¤®à¥€
1305388310190264320,"Itâ€™s Monday so weâ€™re all back to work, including corona so be safe ppl!",3246328012,rpaulon93,Rhys Paulon
1305388270835048448,"#China Fight with #India is to coverup the story of #COVID19 to turn the world direction from #corona .

@WHO IS THE MAIN CULPRIT 

 #Wuhan",1165339370,manikandanars,Manikandan
1305388269656571904,Anyway heard him say â€œfucking coronaâ€ that gave me some serotonin,1019788734135488512,secret_no_03,scarğŸ¦—
1305388234675904513,@FTBLcomau Massive loss. Corona has really screwed the a league,194919585,akc1973,AK Chapman
1305388202979545088,"@RahulGandhi COVID INDIA Today [Approx]:

â€¢Top Non BJP States:

MH: 10.3L
DL: 2L
TN: 5L
WB: 2L
RJ: 1L
KL: 1L

Totalâ€¦ https://t.co/IEcMwLHoWo",193783616,dineshmittal3,Dinesh Mittal
1305388193043316736,"@EU_Commission @vonderleyen @eucopresident Von der Leyen + Michel you like to talk with Xi, which holds a KZsystemâ€¦ https://t.co/2w6A457I4K",820880442735939584,miquelon1948,peter kurt weiss
1305388162445762561,@ANI CORONA WILL END ON 2021 1 JANUARY,1269456920328515592,GaganEren,Gagan singh ğŸŒˆ
1305388140136292352,Cold Corona Comfort: Germany Braces for the Second COVID-19 Wave https://t.co/sfW9ROWIlq via @derspiegel,4810498829,andramena1,andramena
1305388139951816705,@Kels18area I used to sell food in my community before Corona happened and i used to make a profit of 2000 a week .â€¦ https://t.co/j1INsz4wBA,1277604357958180867,sange_ka,MamaKaSange
1305388136244097024,"getting corona tested for the first time this week, pray for my sinus",1038262324879081478,eiloemorts,kels ğŸŒ±ğŸŒ
1305388113875709954,"@GOPChairwoman Biden has done more to stop the corona virus that every single Republican combined 

Why would he run from that record?",16073567,dnadot,SK ResistsğŸŒŠğŸ‡ºğŸ‡¸ğŸŒŠ
1305388106795724800,"If you don't have nose, then Corona virus can't get you Â¡ ğŸ˜‚",1285795706813505537,uniquelyjuie,Juie ğŸ¥€
1305388104174321664,I think CORONA will rule the BoxOffice in 2021 https://t.co/nune3gQt3u,591872901,thomas_offl,Thomas Kallarakkal
1305388101754216448,Lorde - Team hits different during corona times,1251566230831378433,admiralina,Daffa Riannanda
1305388101045374976,@MoHFW_INDIA @JPNadda @StarHealthIns Just saying Corona warrior won't help..when we suffer from covid while on dutyâ€¦ https://t.co/dZ3Kt0vqCv,46859293,marcusgupta,Dr.Gaurav
1305388079964921858,@imbabymi @ssstefyyyyy Dyslexia looking to be a new symptom of corona,1228120814958059522,nigeria_legal,Daniel Milner
1305388064844525568,"Corona virus death toll,: 200k

Pokimane fart death toll: 92million",865031923,jebthenugking,jeb!
1305388057395261442,"State creates new record with 4,198 new Corona cases
https://t.co/xv4GNUI5Zj

I like LocalWire for authentic Odishaâ€¦ https://t.co/r8rONZNNjv",1179290898443554817,localwire_me,LocalWire
1305388056699179018,@SenatorLoeffler So did Trump tel you on the 7th Feb about how bad Corona virus is? Did that influence your stock portfolio at all?,3126439708,lfisher314,A Personâ€™s Conscience
1305388056086708224,@alizarraza CORONA BE LIKE: AM I A JOKE TO YOU:)))))))))),2961040640,MOSADDIQBILLAH,WHEREs MY DONUT:)
1305388042186883073,@bigalpo1 @Coboldjunior @Rebecca44186151 @jessphoenix2018 Germany accepts a lot of war refugees and itâ€™s great econâ€¦ https://t.co/2uHzBWlMm0,34960447,esjedelaat,Esther de Laat
1305388000054882304,"@LokSabhaSectt @Manekagandhibjp @dr_maheshsharma @jualoram @iShankarLalwani Dear Sirs Parliamentarians
Complimentsâ€¦ https://t.co/6DBk422chc",2347929847,1Kolamala,raghavaiah kolamala
1305387990714216449,"@lampuchhre @smadixit I agree, Bharat, oh how I wish we had Ghising equivalent who can work within this shoddy systâ€¦ https://t.co/XQ2Duk3imD",606095373,AmulyaSir,A R T
1305387967024787456,"@CMOMaharashtra Uddhavji, you must be feeling proud because you made Maharashtra ""number1""in Country , but sadly inâ€¦ https://t.co/vwCDv14rvN",1169871298308132865,VijayBh49223930,Vijay Bhatt
1305387962012663811,Well done @piersmorgan for calling out so called celebrities who play down the seriousness of Corona Virus. As a peâ€¦ https://t.co/BH89JLsARu,833380785633779713,tracey_brocking,Tracey Brocking
1305387946749628416,who the fuck knew i would find my people during a pandemic... well who wants to get corona again?,1248081295604883457,jonniijayy,jonnii
1305387928181288961,@sugimortal I wanted to go bald but I kept on sayin na corona aint going to last that long smh I wanted to grow a fro,1186255938799325186,YorozuyaTaro,elmi | âœŠğŸ¿
1305387910561239040,"@realDonaldTrump @BreitbartNews Trump hide the thruth about Corona virus not cause he care 4 us, but 4fear the econâ€¦ https://t.co/VeqMUvwyGH",76227661,EvaMariaDelaney,justme
1305387886754308096,"â€œPfizer perhaps would launch the Corona vaccine by end of this year.However Pfizer, Modena and Innovaâ€™s vaccine wilâ€¦ https://t.co/S0q63CVTcU",1004190248,kewalHanda,kewal Handa
1305387878130888705,PLS PLS I PRAY THAT WE GO TO SCHOOL I NEED TO TELL MY CRUSH I LIKE HIM PLS I WAS SO CLOSE TO TELLING HIM LAST YEARâ€¦ https://t.co/jg32aYyGTb,1184825363391832064,xX_paw_Xx,Canine!! ë€¨ã……ë€¨ strawberry Mang
1305387876541235200,"im here drinking corona seltzers in the truck, listening to kenny gs solo on use this gospel at 1am lol",2308371402,mycoolnewshoes,michael
1305387876264353792,"Badin District correspondent for Geo/Jang, Mohammad Hanif Zai passed away this morning due to Corona. May Allah SWTâ€¦ https://t.co/23ukyKpG6b",1020905778008469504,ZakarAhmed10,Zakar Ahmed official
1305387859998846976,"LISTEN TO OUR NEW PODCAST: Wait Til You Hear This! 
Episode One:
Corona Donâ€™t Care
American â€Hiddenâ€ History 
Truthâ€¦ https://t.co/T0SCQqAoYp",289118612,TomthunkitsMind,Tomthunkitâ„¢
1305387853417836544,"Fruta Fruta Co., Ltd. Measures to reduce the number of blood donors in the corona virus! Starts on â€œAcai Dayâ€ on Seâ€¦ https://t.co/zBRRN8Spdq",1107455939089567746,rehownet2,re-how.net
1305387839987744768,@MSArenaOfficial - rana motors gtk is not accepting claim coupon saying they are invalid in corona. my brezza car bâ€¦ https://t.co/DGvydzQUjG,67898344,sksahil,Sahil Kathpal
1305387828168204288,"Whats scarier than corona virus?
My mum asking me to mengaji with her",635398707,ayyzzii,aizad
1305387822573072384,Bc of corona that shit is wild bro,1271015065739767808,gnivomhimself,gnivom
1305387816625602561,@localblackboy clearly youâ€™re bitch. hope you get corona. ğŸ¤—,1584775094,KayTheActivist,gay capricornğŸ³ï¸â€ğŸŒˆ
1305387779338108928,"@realDonaldTrump Trump hide the thruth about Corona virus not cause he care 4 us, but 4fear the economy could colapâ€¦ https://t.co/x2bIsePlWB",76227661,EvaMariaDelaney,justme
1305387749273300999,@tsukiiichann THIS IS WHY U SHOULD NEVER PLAY @ 3AM,1252319131594035211,corona_rina,è‰èœ
1305387674895880193,Yoooo!!! ITS show time. To all the guys whose job depends on a crowd i believe its Go Time. Ma promoter Nipigieni sâ€¦ https://t.co/iOEUl3E2Ze,258689073,thenaiboi,Naiboi WorldWide
1305387649037987840,"Hope WFH stays even after corona, I feel more productive not wearing a long sleeve",448283927,drexllen,Syntax.
1305387623876382720,@MattHancock Hancock and still corona 19 cases are increasing proving yet again Hancock that you are fluent in male bovine defecation!,2426305957,mpsneedtowakeup,Thomas Worthington
1305387621732941826,@narendramodi @AmitShah Israel to reimpose 3 weeks nationwide lockdown. Learn from their rules and impose lockdownâ€¦ https://t.co/tCeYwETfaC,1260116358156746752,AkhilKu96039250,Akhil Kumar
1305387620084535299,@ngalamfess Maret awal2 corona,1133580590651850755,Akugpernahsalah,Yyyyyyeeeee
1305387611289075712,"@AprajitaSarangi Dear man, 
            During corona pediments my job was gone from private Electrical sector mam,â€¦ https://t.co/lsnc6YZVEJ",1282318126995001344,Sagarpr73444714,Sagar_pradhan
1305387600090296320,@SrBachchan Bollywood is biggest deadly virus then corona. Lets try to stay away from this virus called Bollywood.â€¦ https://t.co/Ya15LHd84U,1304804719362105345,Deepu36912616,Deepu
1305387590464368640,my biggest flex is being natâ€™s classmate and being her seatmate b4 corona but now i sit behind her but thatâ€™s okay ğŸ˜¼ğŸ˜¼,1301701203093368832,tiiissyyaaa,tisya ğŸŒ»
1305387559518789632,@Guji1975 I breathed corona air today ğŸ™ƒ,1082169996950695936,thelostchibi,ã‚­ãƒ£ã‚·ãƒ¼ ğŸ‡µğŸ‡­ â™¡ ğŸ‡¯ğŸ‡µ
1305387539646222336,"ğŸ“Highest unemployment rate in last 45 years.
ğŸ“GDP down by -23%.
ğŸ“Unplanned - Unorganized lockdown.
ğŸ“Corona spreadinâ€¦ https://t.co/IoYS8H3elp",729971790928187392,arunplakkat,Arun Sankar Plakkat
1305387531328864256,"@ravinps Probe Pseudo VACS Word file with WW, SE, @usdrugstore &amp; solve lifeless issue, probe nullification with UNâ€¦ https://t.co/Sy1CG9Il0m",992814459105165312,EuroSonny,â‚¬uro Sonny
1305387526031462401,@michaelreeves you and @LilyPichu are getting married after corona is over right? ğŸ˜³ğŸ‘‰ğŸ‘ˆ,1247589156647124993,luekzapanta,@mini.zapanta
1305387522122485761,@ANI Look who is talking instead of dealing with corona cases in Maharashtra whole machinery was focussed to bringâ€¦ https://t.co/PLDEOBVrej,120389870,SecularHead,Amit Jain ğŸ‡®ğŸ‡³
1305387507966763009,"@Miki42 @Christine032407 @Mali_Yojez @momof5men1 @selfdeclaredref Then why did you say he was Autistic?? 

Did youâ€¦ https://t.co/HqXJgGOTW9",792077552072273920,SRCNuclear,Nehlen Was Right
1305387503617097728,"In this Corona Pendemic, 10 min shouldn't be big issue for anyone... 
Still he lost one year. Whom to blame we don'â€¦ https://t.co/eC3nMBomgB",1247627623402016768,kumarpankaj2631,Pankaj Kumar
1305387503550038017,#TNStandWithSuriya TN is sitting on a ğŸŒ‹. Suriya said while Judiciary playing safe with Corona it exposed young liveâ€¦ https://t.co/Gk6tL7lMpm,1028224878313267200,Soumdaram1,Soumdaram
1305387502803451904,@rrswag @madrid_mike @ProjectLincoln That there is more to life than economy Everything else Trump touches is / hasâ€¦ https://t.co/5wKT3d3YFz,1952854825,mireilletaar,Mireille Taar
1305387464672948224,@jacobkschneider @realDonaldTrump There is corona virus ?,875238874326454273,sagar_shinde99,sagar shinde
1305387401087528961,@stevie_bro maybe they are being affected by corona and this is how they react ???,2408489200,MagicReigndrops,Add your name
1305387400420626432,Everything in this German leaked government  report makes sense to me. Including that the response to an illness shâ€¦ https://t.co/DSo6w41SXU,868830350436433920,Georgejclarke,Georgina clarke
1305387398742773760,"@LadyAurality I'm currently playing ""is this sore throat corona, a tonsil stone, or irritation from all the wildfire smoke""",17148193,TiffanyK424,TK
1305387378383761409,"@ScottGottliebMD You also helped stop the fatal strong opposition of face-covering by the ""experts"" of the corona tâ€¦ https://t.co/ybioELGRdZ",894533427831201793,hz_udhr,Hong Zhang ğŸ˜·ğŸ˜·ğŸ˜·#ElderlyLivesMatterğŸ˜·ğŸ˜·ğŸ˜·
1305387377939091458,@Mekeliwa17 Is Corona fine though?,818369484046077952,MatNuugulu,ONDONGA ğŸ‡³ğŸ‡¦NA
1305387376718553088,"ğŸ‡®ğŸ‡¹ Italy 
 ğŸ¥ Total cases  - 287,753
 ğŸ¤’ New Cases - 0
 ğŸ’€ Deaths - 35,610
 ğŸ˜€ Recovered - 213,634 
 
 ğŸ‡¨ğŸ‡³ China 
 ğŸ¥ Totâ€¦ https://t.co/NOraPEwHTe",1238165365164773376,Corona_Count,Corona Count
1305387375896473600,"Update at 6:06 GMT ğŸ˜· 
 
 ğŸ‡¬ğŸ‡§ United Kingdom 
 ğŸ¥ Total Cases  - 368,504
 ğŸ¤’ New Cases - 0
 ğŸ’€ Deaths - 41,628
 ğŸ˜€ Recoveâ€¦ https://t.co/e0UAl7dt5I",1238165365164773376,Corona_Count,Corona Count
1305387306614886400,"@RahulGandhi Respected sir ,RAJ Govt. Bhi to exam kra rahi corona kal m .. waha to Kuch action lijiye",1106911446577799169,Rkrampura,Ram Kripal
1305387279536463872,The flow of coins between businesses has drastically stopped cause of corona! https://t.co/6VZO1h7k1I,98456757,ErnaSays,Erna Husic Dâ€™AmelioğŸ¦‹
1305387261475745793,@GovSisolak Corona is a hoax and so are you.,1043617025484967936,VictorRoach16,Victor Roach
1305387254295203841,"@BombshellDAILY So for this fall, we have massive layoffs, the economy crashing, stock market in the dumpster, badâ€¦ https://t.co/XkFJzIbiXl",965039128109813762,13speedOD,Cassian Andor
1305387234040872960,"Corona is not our fault. We just want to persue our studies and this is our right. Why nobody react ?
@HeikoMaasâ€¦ https://t.co/5gq8xVbHvh",1284569769358786561,Bitaazzz,Bita
1305387223282401280,"If you think corona virus is wasting 1 years of your life.. you're wrong!
Modi just waste 6 years of your life andâ€¦ https://t.co/C2p0lSJ5gz",708894379692466181,Haoboi3,Haoboi (CITIZEN)
1305387199941152768,Thanks for your contribution. I am sure together we will be able to save life of corona warrior #Dr Sanket Mehta https://t.co/XshwfAnxRF,171355391,sanghaviharsh,Harsh Sanghavi
1305387176905961472,"@DanielAndrewsMP @VictorianLabor making a big song and dance about funding business recovery, however only 30,000 oâ€¦ https://t.co/J6IqITlcUE",3120268461,commonsense058,Francis_Young
1305387166076297216,@narendramodi Spirituality can better cure than vaccine in Corona https://t.co/4ShQMiqkbE,1129755711099899904,Suraj85167571,Suraj
1305387161202515968,@nagarkoti Same need a india 3 week lockdown this time situation very critical daily 1 lakh cases Corona positiveâ€¦ https://t.co/1a5cK2P0o9,3316826353,salimkhan8117,ğ“¢ğ“ªğ“µğ“²ğ“¶ ğ“šğ“±ğ“ªğ“· (Ø³Ù„ÛŒÙ… Ø®Ø§Ù†)
1305387152981864448,@_matiiny There is Corona ğŸƒğŸƒğŸƒ https://t.co/lGk4Hpi6xI,1243649909515059205,empress_xee,Halal lover
1305387135025864704,"#ahmedabadfightscorona 

Universal Access to Corona Test

AMC Health Teams reaching out to various â€œKadia Nakaâ€ (Daâ€¦ https://t.co/P63JYXg8eX",289798661,InfoGujarat,Gujarat Information
1305387123059630080,@Cutzy_ Di Maria had corona a while back right?,1003640717376393216,datisgek2,Ninovd
1305387112733249536,@_Hurent_ @itakeyouwithme @JohnnyCr4sh @scrowder Useless welfare? How many medical bankruptcies in the US every yeaâ€¦ https://t.co/2iXY6y5J5i,919147925015597056,Segerisikte,Vagabonden
1305387109424001024,@RichardGrenell Corona virus has brought out the worst in people and proves how fake and plastic Hollywood really is. Nope don't miss it.,2974667050,radwintegrity,GG
1305387107884478464,@jacobkschneider @realDonaldTrump Come see me and get Corona yea!!!,912583473180770305,Christi21347717,Christina
1305387107167408128,"another day off school all bc my lil bro may have corona, i love it here",1250381461565444096,barbiegirlauren,poppy ğŸ’—
1305387083205234689,"@oscar_assafi 250rb, easy money for ""the have"" or ""crazy rich"" which are plenty in Surabaya. So, I guess nothing caâ€¦ https://t.co/7DPpmmG2Hd",181133638,isatriya,idam satriya
1305387080688623616,"@DrJitendraSingh @PMOIndia 
Many aspirants are COVID19 warriors, and not able to prepare to the full potential.

Maâ€¦ https://t.co/lr7yjvfeM2",140719764,shankaravijayam,SaraiGhat1671
1305387078109151233,"1. good health for my family
2. long life for my parents
3. end corona now pls https://t.co/uUn07hPeSh",1092132616935882752,gamingwithmaike,Maike ğŸŒ¸
1305387062682677248,"I mean fuck corona that shit is boring, 2020 do your thang gurl!",726813921613602820,am_a_turtle,abdullah zrikat
1305387050309357570,"@AskPayPal

Please give me my money which you are holding. 180 days passed but still you hold my money.  I am facinâ€¦ https://t.co/jCNYKfWgee",1273870045324681216,RajeshG83981284,Rajesh Gupta
1305387035260145665,"BIG TRIGGER WARNING! \\ straight people ğŸ™ğŸ¤¢ğŸ¤®ğŸ¤•ğŸ¤’

this video is the reason why we have the corona virus https://t.co/njBfAFCxpu",1205807449858433024,yumekofreak,ê©œ princess piss sexa
1305387034660478976,"@IAmDawnM Trump last days
Corona 2020
BLM win
Throw him away
Thank you next 2020",1291443803061190658,gEnZ01980858,gEn ZğŸ§šğŸ½ğŸŒºğŸ’¯ğŸŒ¸âœ¨ğŸ’…
1305387006260895749,At times you say corona is fake and now you are correlating a statement from 2017 with corona. Sir please explain.â€¦ https://t.co/sqq1RU3gun,1653013285,afzaal_25,muhammad afzaal
1305387000644751361,Corona been said I don't work jobs. Bitch I'm unemployed ğŸ˜­ğŸ˜­â¤ï¸ https://t.co/yOlKJYbENX,216075065,FUNsizeNOTcandy,ğŸ‘‘THE HAIR PLUGğŸ¦„
1305386991584907264,"#ahmedabadfightscorona 

Universal Access to Corona Test

Kiosks at various key locations in the city for WALK-IN Câ€¦ https://t.co/LM5gvsu7H2",289798661,InfoGujarat,Gujarat Information
1305386990955888641,@IngrahamAngle The panic??? You idiots with all your lies created the shithole United States of Corona. And still wâ€¦ https://t.co/lhViMos1JU,23853692,mar4lex,U. G.
1305386987185086464,"@AskPayPal

Please give me my money which you are holding. 180 days passed but still you hold my money.  I am facinâ€¦ https://t.co/5lrHOnjLgd",1273870045324681216,RajeshG83981284,Rajesh Gupta
1305386952993189888,"@GOPChairwoman Hey, Ronna, Joe's not president, yet. It's not his job. Yet. 
It's trump's job, and he hasn't done jâ€¦ https://t.co/bNNGsckCNY",2524458091,Nechron99,RG
1305386919371706369,"@kimguilfoyle Yes, I felt invigorated by this event. So many people to get to know!",1304961777017520128,its_corona_time,covid19
1305386914476961793,Weightloss is certainly convenient each time you work with our this type of top-quality magic-formula that encouragâ€¦ https://t.co/99mRIbRyuC,891126880652451841,mlmleadrush,â­ï¸MLM Lead Rushâ­ï¸
1305386869866164225,"Hopefully BMC shall defeat Corona. That's the ""Ukhaad diya"" Mumbai wants. https://t.co/qbV7J0KgZP",204393094,VikasAgarwalll,Vikas Agarwal
1305386858176684032,@sizzlingyuvi @ManMundra Thanks Manish Bhai but Why canâ€™t a corona Worrior be treated at Govt expenses Sriâ€¦ https://t.co/CszGgCr6Xb,77466673,gopugoswami,Gopal Goswami
1305386832817917952,"Jabalpur becomes new hot spot in Madhya Pradesh, 227 corona positives found in one day  https://t.co/oKsV6wX1kU",1132965570041614336,ChhattisgarhThe,The Chhattisgarh
1305386832398610432,Just give me corona,755849141373112320,yayquarantine,Casyâ·
1305386829349154817,@CovidIndiaSeva @MoHFW_INDIA @CMOfficeUP our whole family in Lucknow Gomti Nagar are corona positive but no help frâ€¦ https://t.co/Va8uTu85Pw,362646319,vineeta24sahai,\/ | |\| | â‚¬â‚¬
1305386828594282496,PE News -  Being corona positive pushed me to mashonisas â€“ Port Elizabeth in the News: Being corona positiveâ€¦ https://t.co/oJmOm7f7l2,310812183,MyCapeTownza,My Cape Town
1305386793274019840,"@vivekwatwe @ShefVaidya @sambitswaraj BJP don't have ""CHAMCHA"" they have BHAKTS and DHAKKANS .. who don't even dareâ€¦ https://t.co/C80Mv40IQE",143025927,ips99,inderpal singh
1305386772335964161,"@undefinedbts This happened to me last week , though the reason was mild corona I had",1177652312732340224,myeongholuvr,ğ˜³ğ˜ªğ˜¤ğ˜©ğ˜¢ âˆ
1305386772013232128,"@anger_trading so....take care of fucking corona....now there is another wave of it across the Europe, my country tâ€¦ https://t.co/JAxzErN1ZX",1135833591529840641,oooXXXooo6,oooXXXooo
1305386727201218560,@Paul_VanDerMeer Future corona deaths.,3353913173,PetraPauline,Petra Pauline ğŸ‡ªğŸ‡º
1305386701930389506,@bbilan_ corona weeyy,1221773700359344129,WFS_07,Oji ğŸ¦‚
1305386690626883584,"With the corona crisis, Finland may well become an attractive place for international experts. #finland #safeplaceâ€¦ https://t.co/YozGFy2XxY",3245003086,nordicimpact,Nordic-Baltic Impact Week
1305386686386335744,"Hey @VodafoneIN , is there any way to remove corona tune before call, no option is there in Vodafone Services excepâ€¦ https://t.co/gOOBgI6ilm",875772407902031872,knight_r3d,R3D KNIGHT
1305386678794715136,"@_pallavighosh she has Y plus security against corona ,,, thats BHAKT politics,",118602974,jmrtamilan,contractor jmr
1305386671873994753,@narendramodi  India is always with Army but PM should remember his duties that he should support with hospitals toâ€¦ https://t.co/XOBadogvu3,78822779,mrk0005,mrk
1305386670414426113,@benjanun_s i think possibly the worst part of this is the very rudimentary lighting causing the ants to become wreâ€¦ https://t.co/SPab8w8uC1,1231627596,TheEggpie,"Grykar, grugs most powerful warrior"
1305386663741394950,um yall.. i might have corona my throat hurts,1184194319013634054,nekogrlz,bunnie () ()
1305386661392465921,"my aunt &amp; her entire family have corona, her daughter &amp; husband refuse to get tested &amp; they still go to work, theyâ€¦ https://t.co/cMt8oX2dRF",2590370720,ultsoheejun,stephâ›…ï¸
1305386580375339008,"Can someone please tell me what store has CORONA REFRESCA !!!!
I like truly lemonade but if you havenâ€™t tried the râ€¦ https://t.co/9WbCtlptql",1554981901,_josieeeex3,JOSIEğŸ’‹ğŸ‘‘
1305386573157011456,@realDonaldTrump Trump's rallies are a crime considering what is going on! I just hope that he and his supporters wâ€¦ https://t.co/hNUE8LsTdK,1065956224154419200,DetlefEngelbre1,Detlef Engelbrecht
1305386553259122698,"@PrakashJavdekar @DDNewslive @DG_NTA Inko jra sacchai batao yaar...ye log bhag kha ke baithe hai..!!
No mask was giâ€¦ https://t.co/eHdSRjWx83",1296740982877110273,Anshuma31008570,Anshuman Singh
1305386547009581057,@Rishabhprakash4 India right now only needs welcoming steps against low GDP nd worsening of CORONA cases,1271802270791766017,SojitraSweety,sweety sojitra
1305386524180017152,#Year2020 #CoronavirusPandemic â˜®ï¸ğŸ˜º #2020Sucks Due to the #Corona #virus - There will be NO #Halloween or #Christmasâ€¦ https://t.co/xrVcagcLnx,957504987554201600,JohnnyEAwesome,Johnny E. Awesome
1305386515820810242,@sureshsambandam This time of no college for students... Yes. We can see the big movement. But corona ğŸ¥ºğŸ˜­ğŸ˜­,922134109505314816,Iamnesan,WarriorNesan
1305386508149493760,"Do you ever fantasize about getting Corona and dying ğŸ‘€no body can blame me, it won't be an easy death though",624753494,glassesNghutrah,Coco the cat
1305386490936135681,"Every thing you see is wrong, you see  right, you are born to be different
#coronamaatregelen
#Covid_19â€¦ https://t.co/eEwpnMBdyN",1299274336789028864,Ce62581086,Ce
1305386469092134913,"@business @QuickTake I lost my job due to the corona virus  pandemic, but I am making a lot of profits weekly throuâ€¦ https://t.co/Ng8aMvucCL",714575242438565889,Robert_James105,Robert James
1305386445494837248,"â€˜Covid-19 made in Wuhan lab controlled by China govtâ€™, claims virologist, offers evidence - world news - Hindustanâ€¦ https://t.co/lZM6qKtWAW",913468010907688961,RaviLingaiah,Ravi L
1305386427861970946,"I'm waiting for someone to invent a cocktail named ""Covid 19"" and have it be just pure Corona",4327933950,theundeadsonic,Aubyn Sharp
1305386413408555010,@BombshellDAILY And the corona virus will get worse during fall and winter for the same reason that flu gets worseâ€¦ https://t.co/tOLw7RLM7j,965039128109813762,13speedOD,Cassian Andor
1305386367745097728,@piersmorgan SARS/ MERS were corona virus and more dangerous than this strain.  What makes anyone think a vaccine will stop the next strain?,1092591472468054016,LiamDan82667947,Liam Daniels
1305386367715688448,"corona chronicles: day 184

cuffing season but itâ€™s watching all your friends join up with campaigns until the election",1112850692236955649,dextlim,Dexter Lim
1305386361881604099,"Corona vaccine should first be tested on government officials, since they were first to take the tests. ğŸ˜…ğŸ˜†",979747460741521408,patricia_kata,Patricia Kata
1305386358232424448,"Corona didn't break the system
It exposed a broken system.
#StaySafe #CoronaPandemic",1266613684991746052,Krishna_1707,_krishnagupta
1305386321347776513,"@wistohor @EduardEscala_ @vladimirpadrino I lost my job due to the corona virus  pandemic, but I am making a lot ofâ€¦ https://t.co/Qn8vQSiTuR",714575242438565889,Robert_James105,Robert James
1305386318227144705,Corona seltzer taste way better then white claws!,393817954,damn_jackiie,ğ‘±ğ’‚ğ’„ğ’’ğ’–ğ’†ğ’ğ’Šğ’ğ’†
1305386277269901313,@BlastonGame I think i should win because my birthday got skipped by corona,1301554983717003266,LayraJeff,Jeff Layra
1305386266045931520,I hope you're doing good today queen xoxo â€” Locations of meetings in my school changed due to corona and I didn't gâ€¦ https://t.co/T0PGofLZqQ,1227170750978830336,LazyIsACunt,Lazy
1305386246454288390,12 important insights to remember for a good start into a new week. ğŸ€ #Moria #Corona #YOLO https://t.co/H0ajEwm91f,1217764260270526464,Kurtilette,Kurt Brand
1305386224383737856,This is the condition of RTPS Counter in motihari block in corona pandemic please do something for them â¦@PMOIndiaâ©â€¦ https://t.co/4022070D2C,729954348587978752,pranksumit,sumit kumar
1305386210668343296,Khurda Corona graph shows no signs of abatement. Khurda at No 1 in active cases ( 6984) followed by Cuttack &amp; Puri.â€¦ https://t.co/LqR6QdRSOx,20312166,soumyajitt,Soumyajit Pattnaik
1305386209045217280,"Mr Shrirang Appa Barne : In Maharashtra maximum impact of #Corona pandemic 

Center isnâ€™t helping Maharashtra govtâ€¦ https://t.co/SLu0LBnAYr",72283791,Supriya23bh,Supriya Bhardwaj
1305386169526439936,@globaltimesnews Chinese people donâ€™t want war  but Xhinese evil corona regime want it but I like the way you put iâ€¦ https://t.co/5u5rfY5H1G,814726692077912064,siddharthmath88,Siddharth Mathur
1305386163537096705,"@TheSciBabe I lost my job due to the corona virus  pandemic, but I am making a lot of profits weekly through the heâ€¦ https://t.co/4PjNEgJZLO",714575242438565889,Robert_James105,Robert James
1305386138794962945,"Basically, the Corona we have in 2020, Ethiopia is not even part of it. Wait until they reach there seven years later. ğŸ˜‚ğŸ˜‚",627383008,zack_diary,Zack Mayul
1305386130838355972,Evaluating Conferencing Solutions: Work in the Time of Corona via @amalgaminsights https://t.co/pbD3BIqM29 #audioconferencing,17466375,hyounpark,Hyoun Park (ë°•í˜„ê²½)
1305386125087903745,"@business I lost my job due to the corona virus  pandemic, but I am making a lot of profits weekly through the helpâ€¦ https://t.co/ipSBXZZ0r6",714575242438565889,Robert_James105,Robert James
1305386111544549377,Watch under a Microscope â€“ Your cells create a Corona Cellâ€¦Have we been Conned into Killing Our Immune System? https://t.co/sXCWmlt4YA,765923012185030656,phiyaatv,ğŸ´ó §ó ¢ó ³ó £ó ´ó ¿ Phiyaatv ğŸ‡ªğŸ‡¸
1305386096151461893,"OMG. PRESIDENT CORONA IS LIVING IN AN ALTERNATIVE UNIVERSE.

Trump: Iâ€™ve done more for Black Americans than anybodyâ€¦ https://t.co/b111hmwJsz",289118612,TomthunkitsMind,Tomthunkitâ„¢
1305386083933446144,"@Cointelegraph I lost my job due to the corona virus  pandemic, but I am making a lot of profits weekly through theâ€¦ https://t.co/NZROVKbOIv",714575242438565889,Robert_James105,Robert James
1305386082897260545,"@RanaAyyub You are suffering from Corona right.
Don't change the topic lol",564750278,harmeevabamo,Jockey Chaddi
1305386070654230528,Corona trying to compete w thanos I C U,1177476561747865601,goldennharryyy,~*HT*~
1305386054271205378,@CaliAnon2 @SidneyPowell1 @jack @Twitter @realDonaldTrump @TheJusticeDept @KerriKupecDOJ @DonaldJTrumpJr @LLinWoodâ€¦ https://t.co/MvzfZSMQqK,1093733934242746368,Stars4P,Stars4Patriots
1305386037032689664,"@timthetatman I lost my job due to the corona virus  pandemic, but I am making a lot of profits weekly through theâ€¦ https://t.co/P7YY5YHyTq",714575242438565889,Robert_James105,Robert James
1305386033320800257,"Ndine confession:
Ever since the Corona thingie I havenâ€™t been making my bed on the daily. https://t.co/nnZGT8uKBo",1210212157079597056,MatshobaKwezi,0%Gimmicks
1305386027444580352,"@jam_kamal Its the prime duty of every citizen to counter this epidemic by being careful and following the SOPs , eâ€¦ https://t.co/bssUMTlbvD",773161761386225664,nizam_Alizai,Engr Nizam Alizai
1305386008259723266,All these 'New Rules' are completely and uttterly BULLSHIT!  Sooner people realise its all about control the betterâ€¦ https://t.co/UtftfJsT4M,319673416,Rian_180,RL
1305385944061587457,It seems the states in Australia that have women leaders have responded much better to the corona virus. This reflects a world wide trend.,2204302633,nenehatum,Fia Clendinnen
1305385935995957249,send this to my mom lmao corona is such a lame way to die at least make my death a story worth telling,1255396794143514625,OUlJABORED,daniğŸ„
1305385913070104577,@dianemterry @Nick_Pye PCR test is testing now (or always?) for all corona viruses. The PCR test cannot differentiate between them.,1286448298966974464,Sky03413577,Sky
1305385910570082306,@arnabofficial7 Sir you can talk with modi action what is corona status for news why are you busy in ssr why its noâ€¦ https://t.co/1apCftOoPy,1232605317768318976,Deepakn7755,Deepak
1305385905604235266,"@roowdeeel I lost my job due to the corona virus  pandemic, but I am making a lot of profits weekly through the helâ€¦ https://t.co/CtvPR1zg36",714575242438565889,Robert_James105,Robert James
1305385875304448000,"@GlobalPunjabTV Corona Update in India!

Confirmed: 4850887
Active: 990502
Recovered: 3779927
Deaths: 79784â€¦ https://t.co/JP5aDe73Aj",1054988224232349696,ELister_social,ELister Social (Covid-19 Dashboard & Blood Help)
1305385871047233536,"@The_vijju Corona Update in India!

Confirmed: 4850887
Active: 990502
Recovered: 3779927
Deaths: 79784â€¦ https://t.co/YuJ6079zBM",1054988224232349696,ELister_social,ELister Social (Covid-19 Dashboard & Blood Help)
1305385866806718464,"@PRO_Vizag Corona Update in India!

Confirmed: 4850887
Active: 990502
Recovered: 3779927
Deaths: 79784â€¦ https://t.co/iS4sssnBk5",1054988224232349696,ELister_social,ELister Social (Covid-19 Dashboard & Blood Help)
1305385866089476096,@KanganaTeam Where are the masks? Corona is still there!,2958160026,jhalaksrivastav,Jhalak Srivastav
1305385864885800960,ETHealthworld | Covid-19 cured count exceeds new corona infections in TN #CovidCases #CovidInfection #Covid19â€¦ https://t.co/A4mQDYp94m,2883051512,ETHealthWorld,ETHealthWorld
1305385864370020352,"@JoelOsteen I lost my job due to the corona virus  pandemic, but I am making a lot of profits weekly through the heâ€¦ https://t.co/82OITx0jU1",714575242438565889,Robert_James105,Robert James
1305385863887478789,"@airnewsalerts Corona Update in India!

Confirmed: 4850887
Active: 990502
Recovered: 3779927
Deaths: 79784â€¦ https://t.co/vkQB4vatDm",1054988224232349696,ELister_social,ELister Social (Covid-19 Dashboard & Blood Help)
1305385862293680129,"@PRO_Vizag Corona Update in India!

Confirmed: 4850887
Active: 990502
Recovered: 3779927
Deaths: 79784â€¦ https://t.co/G4VFuWPgMv",1054988224232349696,ELister_social,ELister Social (Covid-19 Dashboard & Blood Help)
1305385841246822401,@starsandstripes @realDonaldTrump Watch out within 24 hours the media will be saying oh my God 125 people caught Corona to go to see Trump.,2558744079,JodyLangstraat,Jody Langstraat
1305385836813471746,i probably have corona and tom is cancelled i hate it hereğŸ¤ª,1262151505664229378,kevaIejandro,hannah
1305385809168613377,@COVIDNewsByMIB @DDNewslive @PMOIndia @HMOIndia @MoHFW_INDIA @drharshvardhan @PrakashJavdekar @PIBHomeAffairsâ€¦ https://t.co/5yCrDLUs7o,2852686644,kumarjanak2,Janak Kumar
1305385799417040896,"Pick all the corona and take it to your peers. 
May this nation be cleaned https://t.co/IUZ4n5CoGQ",2783790188,joscar_noah,Amondi
1305385776188809216,"@OpIndia_com 26/11 has killed 166 people. But Corona has killed more than 80,000 Indians. Are you not questioning the government??",1204515145906454533,IslamForHumanit,Towards Truth
1305385749001498624,Just finished and Iâ€™m gonna start my review with a SPOILER âš ï¸: I think the ending seen is pretty damn good. Itâ€™s aâ€¦ https://t.co/qbo8QJDco3,1245202109470998537,Bliggyfruit,Sam
1305385748233728000,"@RONOIDA1 @RONOIDA1 @RONOIDA1  I have applied my  advance  PF for withdrawal.   Sir, my family suffers corona virusâ€¦ https://t.co/8FTxhMgVE2",3150131258,120f663eb805449,Love Arora
1305385714557825025,"they said corona who 
But they're married so no problem it's all good https://t.co/ZyFut8civ4",1089854998987587585,muyguapajuls,laura
1305385712473178115,One gent was literally standing a foot from me. With no mask at all. When I asked him to please put a mask on and kâ€¦ https://t.co/CRzsM1yQz6,14524389,nimishdubey,Nimish Dubey
1305385711131127810,@SaintPhoenixx @Muppetiers I agree with you on the Grealish arguement bc he genuinely isnâ€™t worth the Â£80M asking pâ€¦ https://t.co/8uNmrXCX0l,1113257517826609158,UtdSauce1,Utd SauceğŸ¥¤
1305385707150565376,"@chudscns wtf omg i'm so sorry, atleast the lockdown might help? i'm really bad at reassuring but this whole coronaâ€¦ https://t.co/5qWrk9lMCD",1287979185034559489,gremIinstan,ğœğšğ²ğğğ§ğœğ ğ¥ğ®ğ¯ğ¬ ğ²ğ¨ğ® ğŸ­ | lou's day!!
1305385688502874112,Being corona positive pushed me to mashonisas â€“ Port Elizabeth in the News - https://t.co/artYdAqBtS #MyPE,15144184,MyPE,Port Elizabeth
1305385681670340608,"Lesenswert:
#kitaabersicher #kita #Kindertagesbetreuung #Covid19 #COVIDãƒ¼19 #Corona #Arbeitsschutz #Hygienekonzept https://t.co/mZJXAw1Oqq",2283287077,wasbringtuns,Florian Alt-Weise
1305385647696302080,I #VoteMorris for Week 11 @MLS Player of the Week!,28390860,Dyanna_Corona,Dyanna Corona
1305385642269052929,"Corona is temporary, drip is foreva https://t.co/zFpqYNGVBA",1124887941019570176,ohitsme1234,:(
1305385640310108164,@drgulati0420 @iammisakimei @LicypriyaK If your IQ is high then you must understand that postponement of the exam bâ€¦ https://t.co/lghkJgntvV,1278305420788985856,HritikV79701589,Hritik Verma
1305385637504339970,"@AsariValere @TatataToddC @LojicFresh @its_menieb @IGN Highly doubt the ps5 disc less is gonna be $400, at least itâ€¦ https://t.co/w09htBZyAZ",927680948019322880,MathewADanger,AliRENzill
1305385619766427648,@CMP_HQ @HinduTrad some jyotish said corona would wrap up by may 2020,1262585695924826113,dhrishtdhyumn01,Dhrishtdhyumn
1305385613433221121,"Corona yogi up cross pakistan 
Thanks yogi ji to make our up the new hot spot of corona in asia",1388760936,akashjain2001,akash jain
1305385609519722496,"After Corona Peoples Are Enjoying At Water Falls In Kotipalli,Vikarabad ... https://t.co/GKy8JrWpgh via @YouTube",892928206227083264,KomariJagadeesh,Murali Cinemas
1305385586560241664,"As for #DengueInDelhi, 
Did you find out the case clusters found in last 6 months?
It's vectorborne disease..
Surelâ€¦ https://t.co/JR01KI9GbO",10352582,shuvankr,Shuvankar Mukherjee
1305385583351672832,"just a little record of false accusations created this year:
- j//k p3do (bc he hugged his nct member friend)
- j//â€¦ https://t.co/ux0DkYGp56",1078247565408247808,minashadow,sumâ· #1Â²
1305385579572531201,@mjhegar And the people in the RGV (South Texas) were totally ignored while he taunted in social media drinking a Corona!  He is a disgrace!,508170925,JAG_BIC,Jorge
1305385578284736512,"corona you can pack it up already, i thought this online school was only gonna be for a week . im tired hoe",892950103144583168,m4yuh7,miaa ã€ 
1305385576074481666,"I lost my job due to the corona virus  pandemic, but I am making a lot of profits weekly through the help of this gâ€¦ https://t.co/sbhdKZPswz",714575242438565889,Robert_James105,Robert James
1305385571167035392,Going by the Print electronic media blitzkrieg... the most burning issue in India is one and the only one is SSR suâ€¦ https://t.co/EpK1UWsmup,1112005314239516674,naccaw,INDIA(N) FIRST INDIA(N )LAST...
1305385548538814466,@SuvarnaVeerappa @ANI @KanganaTeam still no masks...sometimes I think she really thinks she is reincarnation of Laxâ€¦ https://t.co/MtzwwplRyW,159427251,sid62065,Sid M
1305385547737772032,ğŸ¥º yâ€™all still kissing in corona time ğŸ¥º https://t.co/qMlFh28VuM,2845041345,morning_sht,MORNING SHT ğŸ‡³ğŸ‡¦
1305385528603234304,"SHARE MAX

What is Uttar Pradesh's Corona Kit Scam?
How did Yogi Govt failed to Stop Corruption?

Listen to Bharatâ€¦ https://t.co/xDTea4jIDz",2991581923,DaaruBaazMehta,DaaruBaaz Mehta
1305385498219671552,"@RanaAyyub Join your hero in jail please! Hope you're recovering from Corona...well. It could be deadly, take rest.",361825370,theatulrathore,Atul #StayHome
1305385479295049728,@AdamLaxalt @realDonaldTrump @NVGOP Hopefully you all get the corona and none of the rest of us have to worry aboutâ€¦ https://t.co/jJv3zr204b,1202443460839501824,ver0sueno,ğŸ‡¨ğŸ‡ºğŸ‡µğŸ‡·ğŸ‡²ğŸ‡½
1305385459623759874,@SamsungIndia Basically corona made me poor and you are  still launching more and more phone #samsungindia,1305231869894520832,Muzahid51,Muzahid Hussain
1305385387360047104,"I was just talking to my long lost friend from Iran, and I wanted to video call her and she said she canâ€™t. She has corona ğŸ˜«",26544265,stickyshiny,clueless
1305385357416882177,"#corona Covid-19 made in Wuhan lab controlled by China govtâ€™, claims virologist, offers evidence via @htTweets https://t.co/SS3btaL9eM",52609165,ash6789,Ashish singh
1305385355030470656,"Our podcasts can help you navigate the troubled waters ahead. We are here for you, to help you make it through theâ€¦ https://t.co/7EQE8DsuWb",289118612,TomthunkitsMind,Tomthunkitâ„¢
1305385325645066241,"@RanaAyyub Rana, you just came out of corona bed. Take good rest now.",162327125,ganapathyhegde,ganapathy hegde
1305385308196868099,I bet my barber think I found someone new. Sorry man I canâ€™t get no corona cutz yet. Ainâ€™t nobody im tryna impress. Im home,312198761,Yazooof,ğŸ¤´ğŸ¿ Yusuf
1305385268527149056,I been social distance b4 the corona,2466173848,rileyghan,Riley Ghan
1305385250286194689,i've got corona symtoms so im not going to school for idk how long.,1155734123388051456,beangraal,code bean #ad
1305385248872476672,"""à¤¨à¤¾à¥…à¤Ÿà¥€""
https://t.co/t38Ay3dljg

https://t.co/s8I07p8WnQ
Dear doctors, medical students, FMGs, nurses, paramedics &amp;â€¦ https://t.co/qPDMRPw9ev",3064067209,RKMittal9,NEEMGI #letfmgserve
1305385234968596480,@GOPChairwoman Should we change the spelling of corona virus to coronna virus in honor of you?,2432594924,ALReproRightsAd,Alabama Reproductive Rights Advocates
1305385214156386304,"@akinalabi Seems people have found a cure for corona. In major part of Abuja, if you walking around with a mask onâ€¦ https://t.co/NSpSD73x5g",4052602997,krativity,Omiachi J
1305385201128943616,"where tf is that corona vaccine, this doesnâ€™t feel good, i donâ€™t wanna go out from neck pain and tasteless buds.",1051277292729769985,luvwithboi,ashie â· ğŸ§šğŸ»â€â™€ï¸
1305385181000368128,"@Piet25051963 @ywcdi7 @GoTurkey Everybody knows, they are being published on the media and internet. They are mediuâ€¦ https://t.co/yhtpGAwwpe",971816468,OzanKemalOzan,OzanKemal
1305385180996284416,i know corona wouldnâ€™t let me hang out with them but i want friends to hang out with :(,1002993874283966464,bebitojk,ğŸ’• â·
1305385180702547968,@nistula Athawale saheb is first person who aware to peoples about corona n seriousness of corona. His talking behaâ€¦ https://t.co/vkuXTHffXv,1136587463852322816,Amol15779474,Amol
1305385172720693249,"COVID INDIA Today [Approx]:

Top Non BJP States:

MH: 10.3L
DL: 2L
TN: 5L
WB: 2L
RJ: 1L
KL: 1L

Total Population: 3â€¦ https://t.co/lQPYCCf6Xv",193783616,dineshmittal3,Dinesh Mittal
1305385147857072128,@GOPChairwoman What the hell do you expect a PRIVATE citizen to do about the corona virus? Your damned president haâ€¦ https://t.co/uMuEv5MsN4,4751447832,KtCakes66,KtCakes
1305385124628840448,"@oyevivekk COVID ""INDIA"" TODAY [Approx]:

Govt: BJP (NDA)
Leader: Narendra Modi

Total cases: 48L+
Highest daily caâ€¦ https://t.co/5fbq9LJ3mf",1272162522653585409,CongressmanAK,Aneesh ğŸ‡®ğŸ‡³
1305385111014187008,"""à¤¨à¤¾à¥…à¤Ÿà¥€""
https://t.co/4xS106Shat

https://t.co/MoqYprQMdE
Dear doctors, medical students, FMGs, nurses, paramedics &amp;â€¦ https://t.co/XQVWhSQqjq",1263821029408935936,PBIMA2,PBIMA #letfmgserve
1305385099962261504,I fit count how many people dey wear nose mask for this Utako Park shah. As if them cancel corona for this side.,964582472003371010,TheAjifa,KenyodÃ©
1305385097038901250,"Politicians in Haryana make mockery of corona guidelines while holding electoral rallies
https://t.co/KkxsGW9Kdt",1252172990793445376,DailyGuardian1,The Daily Guardian
1305385093016371201,"COVID ""INDIA"" TODAY [Approx]:

Govt: BJP (NDA)
Leader: Narendra Modi

Total cases: 48L+
Highest daily cases: 94K+
Dâ€¦ https://t.co/XJKgwYbprQ",1272162522653585409,CongressmanAK,Aneesh ğŸ‡®ğŸ‡³
1305385082966794245,@ManeezaPredicts Maam what about Corona in US ? Any predictions of ending it there in November,3131230508,ChughKitty,gkaur
1305385064520318976,@Captain__Corona @meleepikanair We already know Max ruins romances too,937907633612144640,thetreyceratops,The Treyceratops
1305385061735309312,"What a Masterstroke decision in  Students Welfare in COVID 19

@ashokgehlot51 sirji ... It's great that RSMSSB postâ€¦ https://t.co/W9Ng1MDUs0",1077888407186165760,AcademicUPSC,Academic
1305385056324579328,"@Ashish72640640 @BizayShastriBJP @GoswamiArnaw @OfficeofUT @rautsanjay61 My dear, why not Dawood house then? Do youâ€¦ https://t.co/9rLqWV1Aok",705485597717041152,MEU_TRUMPH,MEU TRUMPâ _/
1305385017992835072,"Get oxygen from Ladhak , India has lost corona battle , no action was when it started and still no one wants to lisâ€¦ https://t.co/1Cl1ztqqaj",1158330563859582976,GangaDh04120533,Ganga Dharan
1305385011143614464,"#PostponeACF
#RPSC_ACF_POSTPONE 

CM Sirji @ashokgehlot51 youth implores you ... The Statesman CM to help studentsâ€¦ https://t.co/QQy2mpcS0K",1077888407186165760,AcademicUPSC,Academic
1305385007507288067,"I Need To Go To An HBCU Party Before I Get Too Old. So Corona. Please, Hear Me Out. Go Away Bro",3386877641,e_b_laaynee,Laaynee
1305385007498833920,"@garyvee I lost my job due to the corona virus  pandemic, but I am making a lot of profits weekly through the helpâ€¦ https://t.co/ZuGBHwBlaL",714575242438565889,Robert_James105,Robert James
1305384973663457282,Good morning @EduMinKenya corona was declared in march... Its 6 months since the children left schools. What progreâ€¦ https://t.co/9vc09mXWkR,946329127,McCinde,Steve M ğŸ‡°ğŸ‡ªğŸ—ï¸
1305384964045729792,"Social security must reach the People of all countries,devaluating the currencies against each other by creating neâ€¦ https://t.co/YkNfq6p9gv",2896312645,ShivacumarA,ShivacumarAnnamalai
1305384949994778624,Maharashtra is worst hit by Corona but what did your government do about it? Whoever criticise your government areâ€¦ https://t.co/R8QdGjbmQm,519623407,RatnaniHitesh,àª¹àª¿àª¤à«‡àª¶ àª°àª¤àª¨àª¾àª£à«€
1305384945716785156,Iâ€™m still tryanna hit all star Indy fuck corona,3312809110,RAyers99,#FreeHoodRicchğŸ–¤
1305384943057612800,@MaiiSo_ Corona ruined so many things ğŸ˜©,180062134,Afffy_,AffyğŸ’«
1305384942382313472,"@TheEconomist I lost my job due to the corona virus  pandemic, but I am making a lot of profits weekly through theâ€¦ https://t.co/37GX0myeEx",714575242438565889,Robert_James105,Robert James
1305384920810795008,"@aajtak Khoob jamegi jab mil baitenge Be......... Do.

Corona Virus  No.1 And No 2.

New India 2020",775268535996145664,Ashnet786,Ash
1305384896097992710,@CMOMaharashtra Why there was a farmhouse party during Corona lockdown why these kind of activities are allowed,4441241780,ManishU13480793,Mannu
1305384895657791488,@Dimplesville I feel sorry for them now.. oshiima osha nika o corona so I decided against it ğŸ˜©,1123579566956609537,Ndeshi_005,Mrs 005
1305384876787417089,"Agree with @supriya_sule 
At the same time, equal importance should be given for tension at Border and the dangerouâ€¦ https://t.co/1WJPEVK5Ku",901301864347582465,Rijin2204,Rijin R
1305384827525324800,@joebaldacci66 @JNelsonRN @pdoubt @DWUhlfelderLaw He did. From Corona virus.,201605232,DodgerZack,Zack âš¾ï¸ (33-14)
1305384823133884417,@sundarpichai First tell me corona is true . I feel like totally a drama . Just for global warming control this isâ€¦ https://t.co/fp2a18No0I,899180483119939585,Kalkimithra3,Ramkumar
1305384803861225473,@nbstv And I've seen them celebrate too upon their success and wondered if Corona z really still in Country!,1261550482117603333,BrendaNalos,NalosBğŸ‡ºğŸ‡¬
1305384782633861121,@fran_michaelx ğŸ¤£ğŸ¤£ğŸ¤£ğŸ¤£ I live my life on the edge x corona who ? X,1588716463,jessdrye_,jess
1305384778087256064,"Feminist's logic
Corona virus harms us, why should we put on mask?
Corona is a dog
Accidents hurt us, why should weâ€¦ https://t.co/Ts6sk4Xy7J",1244136332206714881,AnasGhaffar5,Anas Ghaffar
1305384767811067905,Real tho on the real note CAN PEOPLE STOP FUCKING MAKING THE LOCKDOWN LONGER AND MAKING GUAM FUCKING UNSAFER BY YOUâ€¦ https://t.co/LSSbBZoV3X,715373553235832833,shadow17skull,Rose ğŸŒ¹
1305384752061521920,@ShivajiWarrior2 Pakistan is appreciated by WHO for its work on Corona. Pakistani people are not our enemies,1209310650226208773,NiranjaniShetty,niranjani shetty
1305384719643807744,"@AmitCitizenSane @one_by_two @RahulGandhi Thatpragya thakur is a law maker is lame. 
That Bengal BJP President is dâ€¦ https://t.co/myxgNHjfeu",1018934770519171072,DharendraDr,Dr Adarsh Dharendra uk
1305384690791063554,Crossed 4000. #odisha #Corona https://t.co/JtWG2YbKLl,183302700,imalayamohanty,Dr. Malaya Mohanty ğŸ‡®ğŸ‡³
1305384686626185216,great want to talk about how there's also a food shortage in america and china is suffering from a severe flood toâ€¦ https://t.co/PjXbJ6SFrm,494388531,igotjks,yami
1305384649829609472,"@Assetee Gwe, people are just lousy and forced by ignorancy. One family friend  has died .Corona  is still real. Inâ€¦ https://t.co/yS4ESaHCyx",1241706530501734402,Diane1Peace,@Peace Diane 1
1305384604996493312,"ICMR shocker: India missed 80 corona cases for every one detected. 
Results of India's first nationwide study of coâ€¦ https://t.co/DkzPKhwgOp",93869809,ArunKumar3165,Arun Kumar
1305384601163124736,"@WOrtsen @ladolcevitaone @thehill @realDonaldTrump the tweet was saying trump killed these people, I was asking howâ€¦ https://t.co/N7NWFKuc91",788603813192237056,packedlead,Parker
1305384600156254214,"During this corona situation..

When bf is from different city.

16 yrs Nibbi : https://t.co/EDOQhIGZ9T",590023420,ShivaA_K,à¤¶à¤¿à¤µà¤¾ ğŸ¤ 
1305384541222297601,Imagine being like this and then corona virus year came across ğŸ˜­ https://t.co/BQCtos7Fdh,31002103,uzmafer,Mafer
1305384537724129280,"@jdhankhar1 @PahariPiyali @MamataOfficial But @DilipGhoshBJP has said that Corona is gone now
What's your opinion oâ€¦ https://t.co/19N9ZFFnmF",1022727171654074368,AaditriSinha,Aaditri Sinha
1305384517503385601,"I am deeply saddened to hear the state president of the Bharatiya Janata Party, Mr. Samir Mohanty G, Corona Positivâ€¦ https://t.co/Evw4JGhyDJ",1210565968625188866,BabiBJPBls,Umakanta Mohapatra
1305384492622688257,Corona sucks,952689165111406592,gotpinkzy,ğŸŒ·
1305384484036997122,@CMOMaharashtra @OfficeofUT Uddhav Thackeray in his speech was giving lots of advice on Corona how to protect familâ€¦ https://t.co/ZQXXLHUEz1,4441241780,ManishU13480793,Mannu
1305384478789918721,sir a bhi to dekhiye kitne active and confirmed cases ho gaye h and death kitni horaho h. corona covid 19 control kâ€¦ https://t.co/XKGwh1AalC,1258689327288201216,drVeerendra16,Veerendra singh
1305384449517920256,@isro @narendramodi Why isro is responding... I think BJP also bought you along with courts. It's more dangerous than corona,1149357691023679489,Mohan17263685,Mohan
1305384423785934850,hey guys i have a bad cough and cold its not corona but i have too stay of 2 weeks ans my stupid bih ass mom wont lâ€¦ https://t.co/1kvKAcDOI5,1049515343893401601,rzgrett,Regret
1305384419281244161,"@CDCEnvironment How do you idiots run the government???? JFC.   Wood smoke=10 microns,  corona virus &lt; 1.4 microns",1009485279432986629,j_shep72,J_Shep72
1305384415615266816,"NATIONAL MEDIA ğŸ”¥ğŸ˜

In fear for life due to corona scare, the court dispenses justice via video conferencing and ordâ€¦ https://t.co/3lomauEBz4",1177948243419791360,RamnadSfc,RamanathapuramğŸ¦SFCâ„¢
1305384384908926976,"Summer 2021:
Biden should be president
Corona should be somewhat under control to a point
Tik tok will be amazingâ€¦ https://t.co/UXmhBvVtFx",2712570176,NashSwiftie,Kaylee| The 1ğŸ’•
1305384377061433344,@Corona_HanOwO People?,1249452670764515328,ancientwand3r,Wander
1305384365292007424,@RanaAyyub Isse Corona theek kerwa le Fir..,1082166423915454464,mayankm94847123,All in One ğŸ‡®ğŸ‡³
1305384354986840064,"During real estate crash, I lost every material thing I ever worked for! I was angry w/God because I was tithing &amp;â€¦ https://t.co/pTkOMK0HU8",1219633250110525440,Zensations2,LorieK
1305384354864984064,@vivekagnihotri She shud b arrested fr inciting violence &amp; fr purposely spreading corona by asking Delhiites to croâ€¦ https://t.co/2k7MAX2Vio,1291791934827061249,MudaliyarDr,Dr Manasi Mudaliyar
1305384337265823745,Corruption of Lok Sabha due toÂ Corona https://t.co/tX89tWQuO9,1216824204013654016,news8_plus,News8Plus
1305384332404588545,@GreatWhyte23 Tell him the tooth fairy o tshwere ke Corona this year,1262342091591626752,RebaoneGS,Rebaone
1305384329158299648,"At a time when nhs has been practically closed down for months, withdrawal of most non Covid healthcare our gov telâ€¦ https://t.co/7fFAiUfHme",357753264,BellHappe,MEHope
1305384322145202177,"@priyankac19 Bad news
- #Uddhav_Failed_Maharashtra 
- #Corona #Maharashtra tops list
- #PalgharSadhuLynching 
-â€¦ https://t.co/tWNbdumHh8",1212977863319670784,Bharatfirst10,Penguin
1305384316906680321,corona virus has robbed me from spending valentines day with someone so instead iâ€™m building a simp army on twitch,70082799,sueozevin,sue (ecesu)
1305384296337649665,"#India missed 80 #Corona cases for every one detected : #ICMR

By this estimate instead of the 46.6 lakh cases thatâ€¦ https://t.co/ArUColOgoQ",1035120216,manishbpl1,manishbpl
1305384290599886848,@Golden01577203 @sambitswaraj Isme galti logo ka bhi hain... Mere area mein toh roz bina mask ke ghumte rehte hainâ€¦ https://t.co/7OCdAusc5B,3280713098,Suyash608,Suyash mahajan
1305384249302810624,@realDonaldTrump Looks like a cesspool of Corona to me.,2955667206,UA_Cattracks,Steve Johnson
1305384238540185600,"India's #COVID19 case tally crosses 48 lakh mark with a spike of 92,071 new cases &amp; 1,136 deaths reported in the laâ€¦ https://t.co/d8qD4l6k61",2290026666,ARPITAARYA,ARPITA ARYA
1305384234245337088,@otherGermanGirl @itosettiMD_MBA There was Corona even before the summer holidays!  You remember?,40441228,ArminPh,ğŸ‡ªğŸ‡º Armin Philipp ğŸ‡©ğŸ‡ª
1305384217946107904,@bisping Swim in the pool if open.  Chlorine kills corona,1017557632977006592,PeterBr31478822,Peter Braid
1305384213122748417,"Corona effect 
Remember this scene ... ... hope this would not repeat with us ğŸ¤ğŸ¤ğŸ¤

#mondaythoughts #Corona #COVID19 https://t.co/lB4PXF4a8N",1052446510896439296,follow_sai,Hyderabadi $@!
1305384187155808259,https://t.co/dISTS9F4nM Damage of Typhoon 'HAISHEN' in (the den of criminal and Murder and abuse offenders) South kâ€¦ https://t.co/vSQ2K7VtJi,248141685,commandofJESUS,Jung Yon Yi
1305384158747750402,@EconomicTimes @rautsanjay61 Uddhav Thackeray in his speech was giving lots of advice on Corona how to protect famiâ€¦ https://t.co/3GTlfrH3HS,4441241780,ManishU13480793,Mannu
1305384153119100930,"@Swamy39  Hon'ble Sir, 

I most humbly attach h/t my 4 pages twitter message resting on fearful corona position inâ€¦ https://t.co/N2Tm8QU083",2285747150,rltajnetajne,RAVIKANT TAJNE
1305384130545364994,@gioIogy speed recovery so corona doesnâ€™t affect himğŸ‘ğŸ¼,1250568310158241792,mrymsenpai,ğ’ â™š
1305384114372124673,LEE MINHO IS A VOCALIST LEE MINHO IS A DANCER IF LEE MINHO DOES NOT HAVE LINES AND SCREENTIME I WILL FLY TO KOREA Aâ€¦ https://t.co/jolZqKp8PN,1271822257497800704,coffeelino,Ris â„ï¸ | INç”Ÿ PacemakerğŸ“Œ HANDAYğŸ’–
1305384094407122946,"Y'all, I have enough of things that start with corona potentially ending us. https://t.co/UyGMXqLb5z",1112201081398784000,DocGerrySexy,Napoleon Dolomite
1305384059741372417,@J_Kikwai This novel Corona has a significant role in helping the church to understand time that she's sitting on the verge of eternity,1509888979,ObuongEvans,EVANS
1305384041844219905,@Ultrafnm @_FAiiNT @xViperzzME exactly not every sickness is corona,1253222722412384257,IbRaFN2,IbRa
1305384030943223808,"@realDonaldTrump If I volunteer, will I be able to come to the US?
I'm corona negative by the way.
#MakeAmericaGreatAgain",827583496319287297,youngsam_my,uncle Sam
1305384029278146560,Sup I was just wondering does anyone take corona seriously https://t.co/R1KFJMHrqP,1305098802743910401,Leyla_miyoko,Leyla
1305384013482213378,Then there was my plan to give you experience as opposed to materials things that rot and fade. But then this coronâ€¦ https://t.co/BVrEi38INP,1305364417043857408,CassyTheCocktus,Ruben Jhon B. Lalim
1305383990858219520,"â¤ Let us know below of company that was hit hard by corona crises, like chain of restaurants, hotels, clubs, travelâ€¦ https://t.co/nVzVefglPn",2423682330,MarcDeMesel,Marc De Mesel
1305383981030895618,Use promode Corona +ve to get 100% off on social life,1149189252124741632,TusharA53418725,Tushar Ahuja
1305383961405734913,"@RahulGandhi Sir, situation in India very bad. People are dieing in Corona as well as lack of food. People loosingâ€¦ https://t.co/iqFMc6G5nw",239397535,janashubhendu,Shubhendu Jana
1305383886260592641,@Tra777 @kurt_michaels @brat2381 California? And what has Trump done about Corona? Nothing. His actions have killedâ€¦ https://t.co/iTNjwdjXWA,949095051551940609,robbielaughs,The Almost Famous Robbie Brooks
1305383868514660352,"my dad texted me ""did you get the news about corona at school?"" and now he's not replying to me WTF KINDA NEWS BRO I DIDNT GET SHIT",3300624147,DAENGKOOK,â·
1305383865134055424,"@badguy974 @Toboinetsu @Puertorock77_ @jronald And unless they fuck up (more) royally, you'll see when the game comâ€¦ https://t.co/JcphoYKrNP",1233130571322339332,ItsDann37703016,ItsDanny
1305383846540705797,@jonfavs Not as long as Trump keeps holding corona rallies.,1923840770,Death42042,The420Gamer
1305383819349024769,im back from the corona testğŸ˜¼ğŸ˜¼,1234823701796970496,cwnsupremacist,em âš¢ #1 txj apologist
1305383807340617729,"I was corona virus but you were bunty 
                     ~dohte jao dohte jao 
#FirstTweet #Mondayblues https://t.co/YgIEPIfrSy",1305377723871686659,PrachiK50127222,Prachi Khetawat
1305383775422029824,@Sadiya_farouq This ministry has failed Nigerians and needs to be scrapped completely... From the way N-power batchâ€¦ https://t.co/39yyQP6PpA,1221232759001223168,RealJessey_1,Real Jessey
1305383756727943169,"Andhbhakto ko avi v lg rha hoga hindu khatre me h , bhai sirf hindu khatre me ni h poora hindustaan khatre me h..
Câ€¦ https://t.co/a0ruBcOCYA",1262388969930661890,Grv_Gaurav__,G@Ã¹à¤°à¤µ à¤¸à¤¿à¤‚G!-!
1305383752525254656,@NamoApp @PMOIndia Sharad Pawar camping in Pune to take stock of unabated spread of corona.Complement him.All otherâ€¦ https://t.co/mqX1S9ySCw,2471391655,inderspal,Inder Pal
1305383751485014026,"@ritviccc No Bruuu rapes don't suit about your narrative

I don't found any reason that one arrest should give impoâ€¦ https://t.co/MtHETfa8oK",1084889111750574080,Sudarshana1000,KDğŸ’¿ âš”ï¸ğŸ¹
1305383643100127232,"@Jezebel ""Corona? Almost 200 000 dead? Whatever. I'm more important!""",168247397,andreaskihlgren,Andreas Kihlgren
1305383627274944512,@DonDavies Are people ready to get real about what big pharma is doing? We're not even talking yet about the true oâ€¦ https://t.co/zGIquyInNz,275319208,Michael_Hey,Michael
1305383626398404608,@knews_cy @CyprusToday Corona what a load of rubbish,1676495899,jaybbennett,james bennnett
1305383616877395969,"195 new corona virus cases in #Sundargarh, Odisha
Total Cases in district 5728",1247152787843977218,covid_counter,CovidCounter
1305383596631486465,"@daniellevitt22 @DaFeid Lastly, we now have a gold standard in order to compare NPIs in this corona fck up. And lucâ€¦ https://t.co/wXxaBw1BHz",1248756046325329920,Dr_Schelm,Dr. Flatliner
1305383594521759744,"130 new corona virus cases in #Sambalpur, Odisha
Total Cases in district 4117",1247152787843977218,covid_counter,CovidCounter
1305383577744338945,The data points out that India is not really fighting corona much anymore.... #StayHomeStaySafe https://t.co/vFRENtsQDr,17713918,entish2,rainbow_warrior (Dee) @ğŸ¡ sarcastic Vulcan salute
1305383575437545472,some dude on the bus has his school bag written with virus below the corona brand ğŸ˜­ğŸ˜­ğŸ˜­ğŸ˜­ https://t.co/63CAKQJQrE,3175540633,esteryilin,yl
1305383572333834240,"310 new corona virus cases in #Puri, Odisha
Total Cases in district 6597
https://t.co/q4mY3BDKOr",1247152787843977218,covid_counter,CovidCounter
1305383556701618178,@MAKSiddiqui007 A long meeting with shabaz sharif...At last Corona have created....ğŸ¤£,550832798,MAZHARAIRFRANCE,MAZHAR
1305383550280241152,"116 new corona virus cases in #Nuapada, Odisha
Total Cases in district 1611",1247152787843977218,covid_counter,CovidCounter
1305383532689121280,@kharis_mariano Iâ€™m down ğŸ‘€ but like summer 2021 cos corona lmao,59027130,jizzzyy,Jizzy
1305383528084000768,"98 new corona virus cases in #Nabarangapur, Odisha
Total Cases in district 2226",1247152787843977218,covid_counter,CovidCounter
1305383527890841601,Correction: 4198 new #Covid19 positive cases detected in #Odisha in past 24 hours taking the total number of Coronaâ€¦ https://t.co/sU1JAcfpWT,952069117531471872,theargus_in,Argus News
1305383505900306432,"758 new corona virus cases in #Khordha, Odisha
Total Cases in district 26754
https://t.co/q4mY3BDKOr",1247152787843977218,covid_counter,CovidCounter
1305383503740059648,@republic Hope and  Pray in every Marathi House in Mumbai  which include me will get 10Kg Modak from Party as peaceâ€¦ https://t.co/uKIExfGKdD,4265253916,CDhuru,R C Dhuru
1305383500971941888,Corona Covid 19 Military Grade Anti Air Dust and Smoke Pollution Mask with AdjustableÂ Straps https://t.co/DUSJ0kUmK4,1076044678116638720,alaa_express,AlaaExpress
1305383492990033920,@RavindraSalian @KanganaOffical we will open up everything but after that we will send all corona patients to yourâ€¦ https://t.co/kmqcrwOfRN,1295387061772378112,SenaKiller,SoftPenguinKiller
1305383491505393664,"2216794 people recovered from Corona today. Total Corona virus recoveries: 20713507 
 
 Source: WHO Situation Reporâ€¦ https://t.co/FICPDpA49w",1372805012,CoronaRecovery,Daily Corona Recoveries
1305383489257254913,"@GOPChairwoman Fact check: 190 Americans are dead because Trump failed to take the virus seriously. Nobody, but nobâ€¦ https://t.co/Lhm2USVzDU",3060813456,Truelefty56,David Bergin
1305383485738110982,@aajtak Ha ha no testing no corona.. thats how Pak is controlling.. rest people may recover of its own and 1-3% morâ€¦ https://t.co/H3IF9c5nWO,1213148557449949184,PawanVe38906908,Pawan Verma
1305383483624259586,"143 new corona virus cases in #Kendrapara, Odisha
Total Cases in district 3234",1247152787843977218,covid_counter,CovidCounter
1305383479551471617,"@cupxt @IconicRosey_ No
New zealand where there arent any active Corona cases",1293015390696558592,morn1ng_st4r,Lucifer Morningstar
1305383470076624897,"@onlyIsheeta @ShashiTharoor I call them â€œCorona taavej.â€

Some fraud protects which is supposed to protect you fromâ€¦ https://t.co/0ExoApceCd",141906925,HardeepAsrani,Hardeep Asrani
1305383465672531968,"Dear @narendramodi @PMOIndia @MoHFW_INDIA @drharshvardhan @BJP4India @Republic_Bharat @ANI 
My father report is Corâ€¦ https://t.co/Z6B7rl0Dbf",527870351,GuptaRahul413,Shubham guptağŸ‡®ğŸ‡³
1305383461545443329,"93 new corona virus cases in #Kalahandi, Odisha
Total Cases in district 2070",1247152787843977218,covid_counter,CovidCounter
1305383439546200064,V_R_S *only I and U can break the chain* #corona,1232911016,schaeshak,Shaa ğŸ’
1305383439395418112,"95 new corona virus cases in #Jharsuguda, Odisha
Total Cases in district 2603",1247152787843977218,covid_counter,CovidCounter
1305383417207500800,"156 new corona virus cases in #Jajpur, Odisha
Total Cases in district 5890",1247152787843977218,covid_counter,CovidCounter
1305383395044855808,"97 new corona virus cases in #Jagatsinghpur, Odisha
Total Cases in district 3093",1247152787843977218,covid_counter,CovidCounter
1305383377885949952,"@KagutaMuseveni Is there Corona Virus in Tanzania,mr president Tell is??
Otherwise Happy birthday to you our hero,mâ€¦ https://t.co/6gkpgm44VG",1243182224645795848,ConradNelly2,BOP daddy UG.
1305383375960768514,"Your Work is Pending due to Corona?
OR
You are currently looking for Work?
JOIN
Best Freelancing Platformâ€¦ https://t.co/RzMIHWt6nr",2609584861,MDTechStudio,MDTechStudio
1305383372873756672,"367 new corona virus cases in #Cuttack, Odisha
Total Cases in district 13382
https://t.co/q4mY3BDKOr",1247152787843977218,covid_counter,CovidCounter
1305383366548533248,no but when corona ends im taking an exam to go for some time to korea https://t.co/XUIssD7krO,1272590699242885120,ktscvlt,joy
1305383363985969152,"@xkatycatsarah Yea. Itâ€™s sad. Kobe Bryant passed away, last month, Chadwick passed away, this Corona shit, and protâ€¦ https://t.co/ashu9lUAw1",377732703,DhavalPatel71,ğ——ğ—µğ—®ğ˜ƒğ—®ğ—¹ ğ—£ğ—®ğ˜ğ—²ğ—¹
1305383350467731456,"130 new corona virus cases in #Balasore, Odisha
Total Cases in district 5304",1247152787843977218,covid_counter,CovidCounter
1305383347640610817,"India stands second in #Corona 
In last 60 days, new cases graph show continuous increase in count. https://t.co/ct9d1Kk2j5",766616293029969920,chaudharianuja,Anuja
1305383344914542592,@xBraveLou Jobless delusional unstan L mind your business and respect him or find a job for real corona isnâ€™t an excuse to be THIS JOBLESS,1256655342307610626,stevieseyes1,emma
1305383339210223616,"@grumpykatoni We have two groups.students from group A have to attend the classes on mon,wed,fri and group b have tâ€¦ https://t.co/47CY1TKpQO",1275628531779764224,zainayousaf,Zainaâ·ğŸ•Š
1305383336861368321,@sudeesh ok so first of all due to corona negative gst and we are not only one. second improper gst because statesâ€¦ https://t.co/gFZNpo53t4,1217155125505974272,INDpotetopotato,indian poteto_potato
1305383328275746819,"197 new corona virus cases in #Balangir, Odisha
Total Cases in district 3066",1247152787843977218,covid_counter,CovidCounter
1305383316359700481,"Why is no one talking about how we canâ€™t even call out sick anymore without needing a negative corona test to return to work, Iâ€™m upset",2542158696,megwiggz,megan
1305383307337703425,"@Dungavee I know this all is non of my business but his timing is absolutely wrong..

Getting sick nge Corona, beinâ€¦ https://t.co/qk9Rv5RRbt",1149272508727795712,AsandeNkambule,Asa ğŸ‡¸ğŸ‡¿
1305383306079408128,"108 new corona virus cases in #Angul, Odisha
Total Cases in district 2010",1247152787843977218,covid_counter,CovidCounter
1305383301100630016,"Class Attendance after rainy day.

#LokSabha #ParliamentSession #Corona #COVID19 https://t.co/U8gDZlQEx1",567371562,MMMPAWAN,Pawan Singh
1305383283564347392,"Corona vaccine should be tested on government officials,if they survive then the vaccine is safe but if they die,then the country is safe.",1247472338251251717,underatedkembwa,KÒ½É±á‚¦É¯Î± NÎ±ÆšÎ¹ÏƒÉ³ğŸŒ´
1305383276505300992,"#Covid patients are being discharged without two negative #corona tests (higher recovery rate), they have symptomsâ€¦ https://t.co/uiMAFH5vI4",3146333170,patelbhavish1,Bhavish
1305383268603146240,"@niostwit 
My result related COMPLAINT has not been solved yet. Its been 3 month running to the office, submittingâ€¦ https://t.co/N1WR8XZ5ri",1277836785133842432,VishwasSengar,Vishwas Sengar
1305383244347486208,"3 women among 8 more die of Corona in Jammu, one in Ladakh https://t.co/3ZJAtnVoek https://t.co/A6mFhl8gaC",1216988949169594368,JKUTNEWS1,JKUT NEWS
1305383240392466433,@_FAiiNT @xViperzzME My whole fam was sick and it was fine we didnâ€™t even have corona flu is common asf,906522163905253376,Ultrafnm,ultra
1305383223413809152,Corona is overrated ğŸ™„,738586916853940226,NPrinceAaryan03,PRINCE AARYAN
1305383210642272256,Erster Corona Fall an der Schule yeay. Shit...,1168189471742935041,JewelNacht,Jewelâš¡
1305383190677184513,"@DesiKafka @annasui31 @TheDeshBhakt True.
Indians hav nt learnt to b citizens yet.
They r used to of slavery. 1st Bâ€¦ https://t.co/qOabhwbg4i",3312264520,amber7057,Amber
1305383170133626881,"#BBCBreakfast @mrdanwalker 

3 people died of Corona yesterday....

stop the relentless doom and gloom! https://t.co/pGMzAe5oyz",1016651346651512832,MeganWi90287242,Megan Wills
1305383158515462144,This girl I havenâ€™t seen or spoken to in 6 months just called me a disgusting person for getting corona because herâ€¦ https://t.co/3beFu9E3tp,48450605,carlygrifffin,Carl
1305383128022867968,@ADORE1DIRECTI0N It's rumored that Louis and Harry were at the LAX Airport together and The Late Late Show is in LAâ€¦ https://t.co/t5li0kALkN,1291190541447827458,Sophia09145616,FOURTEEN DAYS 'TILL SEPT 28TH| DR PHIL BICH
1305383119478956035,"LOL get the fuck away, like she has the corona https://t.co/eFcc0nYPTo",531349379,jilliannicoleww,Jillian Parker
1305383088327983104,@chetthegreat1 @sophieGkleid @AriannaMbunwe @alexmseymour @MLevitt_NP2013 Great article for you corona bro!,1303754245850632192,OsbornNewman,newman Osborn
1305383086033494018,"Youths !!! Make it loud and clear, we want Corona free nation, jobs, national security, infrastructure, democracy,â€¦ https://t.co/yBnnQpy43I",3976246224,gopi_congress,Gopi Palaniappan à®•à¯‹à®ªà®¿ à®ªà®´à®©à®¿à®¯à®ªà¯à®ªà®©à¯
1305383084963950592,The places we could've been... Goddamn corona,3292801513,jikocolita,Jiko Colita
1305383069294014465,@abdurzubairr @SuneetThakur10 @ANI Corona reached every corner of the world even in small Islands. Who knows even wâ€¦ https://t.co/OxqFDDzr1x,4579427380,TohmeKyakaru,Mau senpaiğŸ—¨ï¸
1305383064076460032,Corona gon ruin my favorite holiday ğŸ˜¢,1259370393942532100,iamnikosupreme,good pussy. good vibes.
1305383042815528961,@AdelaineMorin So true! Thanks corona ğŸ™ˆ,2769631450,becca__xoxo_,Rebecca
1305383040462577664,Nvidia's Arm deal sparks quick backlash in chip industry#latest_update_corona_virus#arm #backlash #chip #dealâ€¦ https://t.co/sUzgkvdlBM,20780650,biedexmarkets,Biedex Markets
1305383020850012160,"We have been lied too corona virus is not as bad as they make it to be , why they not reporting people die from canâ€¦ https://t.co/VtCJwRMUUi",2802959441,76d2b9cf3daa42c,Alonzo Martinez
1305383019574964226,@leadlagreport mostly hedged since march with small portion of corona proof stocks (which actually is also hedging ğŸ¤­),1975632818,Diiewam,Dieter !
1305383016974352384,"@MantralayaRoom 
What is procedures to see vacant icu bed for corona patients.",922403970672234496,Skkiqbal,Shaikh iqbal
1305382999811403779,i miss life before corona,3178408907,livinforkirklin,02/01/2019ğŸ’”
1305382995847720960,"@maha_governor His Excellency, I most humbly attach h/t my 4 pages twitter message resting on fearful corona positiâ€¦ https://t.co/8mIjxghb5P",2285747150,rltajnetajne,RAVIKANT TAJNE
1305382972959281154,Corona world ! https://t.co/EJAbf4tWQL,29323601,Stirtha,Tirtha Koirala
1305382959512530946,@yoonsdildo There are hundreds of corona cases here but tehy din't care at all,1287794216286982150,InnerchildAiman,Aimanâ™¡â™¡
1305382942441705474,@TheReallZidane Lord bendtner has more Premier League goals than Messi,245529685,corona_bye_rus,Lord_Bendtner
1305382924229853184,@Tra777 @kurt_michaels @brat2381 I'm questioning if you're even real. I'm moving to Western Australia where they'veâ€¦ https://t.co/SiTraeaWgk,949095051551940609,robbielaughs,The Almost Famous Robbie Brooks
1305382919075033089,*Me checking Corona cases every morning* https://t.co/ytBv14nQrD,1261008822933483520,Shashir117,boywithtweets
1305382910875316229,500.000 ppl die in a car addicent in usa alone every year.. there die 25 ppl every day in denmark and we are 5 millâ€¦ https://t.co/taEYxcEzpv,1240275886676553729,MizzDino7,Micky!!!!!!!!!!!!!!!!!!!!!!!!!!!!!!!!!!!
1305382903090642945,"@LiveCleoPatra Its called ""CÃ³ctel Campechano"" or Seafood Cocktail...It is basically cooked shrimp and octopus but tâ€¦ https://t.co/RtbTGcVTi2",844645358261092352,Grisaceo69,Grigiastro
1305382876460933121,@Zee_rajasthan I have exam from 20 to 27 sep ACF. I have ppd a lot for this exam but due to corona and university eâ€¦ https://t.co/1uONttojTd,1305371894133059584,amit57724272,amit
1305382859922747392,@RahulGandhi People like @RahulGandhi can only criticise cz they can't see when corona started in India and the wayâ€¦ https://t.co/cz4uZRR3Wx,2394418171,Chetan_gaur18,C G
1305382859507728384,@DailyCaller and when you lie about corona seriousness and thousands die-- you should go to jail.,196259262,Spirasol,Dennis DuBois
1305382859012624384,@xXPride_MoonXx But like--- trying to explain how virtual corona worked got so awkward XD,1288321197206200323,xSleepyflower,áƒ¦ á”• Flower á”• áƒ¦
1305382853983653889,@DrAsh_Mahendra Aur nahi gloves mask provide kiya.. im having symptoms of corona,1276751148058390528,PragatiMeshra12,Pragati Meshram
1305382836141203457,"Questions on Corona Virus.
https://t.co/FGvBJgpyKt",529272947,OtotoHaron,Haron Ototo
1305382805094965248,"@KanganaTeam Omg the babyğŸ˜­ god bless him, heâ€™s with the corona virus itself....",1076957444146905088,SHAHODx,shahd
1305382799260569601,"@iamprasadtech #BoycottChineseProducts don't fall in their trap guys
It's all promotions
Say no to china productsâ€¦ https://t.co/FvxACF2p5J",878349692,Gnanesh62076382,Gnaneshwar 
1305382786946146305,Miss going to Costco and getting the samples .... thanks corona,2797167590,rickyrenteria11,Ricky Renteria
1305382784324706304,@chudscns yeah it's kind of a mess.. is corona bad where u live?,1287979185034559489,gremIinstan,ğœğšğ²ğğğ§ğœğ ğ¥ğ®ğ¯ğ¬ ğ²ğ¨ğ® ğŸ­ | lou's day!!
1305382779518095360,Be like Magufuli ğŸ˜‚even Corona fears him ğŸ˜‚ğŸ˜‚,960043192333864960,MMelyxha,Melyxha KingğŸ‘‘ğŸ‡·ğŸ‡¼ğŸ‡ºğŸ‡¬
1305382760736055297,@ToddTheOdd @joshuaamorriss I wish Bernie's inevitability was a bit more like corona smh,792854592136548352,BenAybar,Ben Aybar
1305382752422891522,@AyoBankole OMG!!Â¡!! Whaaatttt??? Even after saying desert and Corona virus??? Afrobeat??? And you're an aspiring câ€¦ https://t.co/LmuKBSUntS,1101505241810374657,Chimee22675662,Chimee
1305382743145164800,I miss the simple things before corona ğŸ˜ğŸ˜­,381650884,Ikaa_R,E
1305382707053113345,First day back at school and You've already used up Your Corona card ğŸ˜¢ https://t.co/mm3B8s7NT9,2176793937,BrylanSean,Only put maTip in
1305382697347485699,can corona slap my school in the face so that i can back home,1268293297992347652,gothdemonfairy,ugh
1305382672974323712,"@ShivajiWarrior2 China has contained Corona, it gave protocol for treatment. Countries which followed d protocol coâ€¦ https://t.co/2FRTbEVn8k",1209310650226208773,NiranjaniShetty,niranjani shetty
1305382671061716992,@abdurzubairr @SuneetThakur10 @ANI That's not a sign. Half of my relatives are infected their symptoms are just runâ€¦ https://t.co/8oI4s7lXTq,4579427380,TohmeKyakaru,Mau senpaiğŸ—¨ï¸
1305382658147381249,Fakhira is using Corona as her excuse for skipping school. Imma mad uncle ğŸ¤£,205774336,lutfidaud,lutfi
1305382655261904900,@bryannlol i was literally sick w the corona symptoms and I had to go school ğŸ˜¸,1182981713485537280,maiganbtw,maigan
1305382625985536000,With 758 new #Covid19 positive cases Khordha district tops the list of Corona test results released for past 24 houâ€¦ https://t.co/6jqYiZjUmf,952069117531471872,theargus_in,Argus News
